record,mono_s,parts,node,boot,utc_s,utc_status,utc_uncertainty_us,event_type,event
0,0.05,1,0xcc1455b0,0xc323a602,,Invalid,18446744073709551615,Boot,"Boot { test_name: ""Integration Test 004: radio heartbeat and rendezvous"", firmware_version: ""0.1.0"", firmware_hash: Some(""e73674e49d8093b0e22dbb9680b3f6751b5e296b-dirty""), role: BaseStation, network_id: 1230241796, schedule_version: 2, configuration_id: 4, frequency_hz: 868000000, tx_power_dbm: 14 }"
1,0.051,1,0xcc1455b0,0xc323a602,,Invalid,18446744073709551615,RxWindow,"RxWindow { id: JobId(1), opened: true, scan: false, predicted: false, receptions: 0 }"
2,0.051,1,0xcc1455b0,0xc323a602,,Invalid,18446744073709551615,LocationStatus,"LocationStatus { valid: false, latitude_e7: 0, longitude_e7: 0, fixes_seen: 0, fixes_used: 0, satellites: None, hdop_centi: None, uncertainty_meters: None }"
3,0.052,1,0xcc1455b0,0xc323a602,,Invalid,18446744073709551615,TimeCalibration,"TimeCalibration { status: Invalid, source: None, uncertainty_us: 18446744073709551615, accepted_anchors: 0, rejected_anchors: 0, calibration_samples: 0, calibration_locked: false, calibrated_error_ppb: 0 }"
4,0.562,1,0xcc1455b0,0xc323a602,,Invalid,18446744073709551615,RadioFailure,"RadioFailure { id: JobId(1), error: Schedule(MissedSlot) }"
5,0.562,1,0xcc1455b0,0xc323a602,,Invalid,18446744073709551615,RxWindow,"RxWindow { id: JobId(2), opened: true, scan: false, predicted: false, receptions: 0 }"
6,1.352,1,0xcc1455b0,0xc323a602,,Invalid,18446744073709551615,StorageReady,StorageReady { queued_record_drops: 0 }
7,5.551,1,0xcc1455b0,0xc323a602,,Invalid,18446744073709551615,RxWindow,"RxWindow { id: JobId(2), opened: false, scan: false, predicted: false, receptions: 0 }"
8,5.551,1,0xcc1455b0,0xc323a602,,Invalid,18446744073709551615,RxWindow,"RxWindow { id: JobId(3), opened: true, scan: false, predicted: false, receptions: 0 }"
9,5.664,1,0xcc1455b0,0xc323a602,,Invalid,18446744073709551615,LocationStatus,"LocationStatus { valid: false, latitude_e7: 0, longitude_e7: 0, fixes_seen: 1, fixes_used: 0, satellites: None, hdop_centi: None, uncertainty_meters: None }"
10,6.707,1,0xcc1455b0,0xc323a602,1791196305.073584,Synchronized,100,TimeCalibration,"TimeCalibration { status: Synchronized, source: GpsPps, uncertainty_us: 100, accepted_anchors: 1, rejected_anchors: 0, calibration_samples: 1, calibration_locked: false, calibrated_error_ppb: 0 }"
11,7.051,1,0xcc1455b0,0xc323a602,1791196305.417685,Synchronized,100,TimeTransition,"TimeTransition { previous: Invalid, current: Synchronized }"
12,7.051,1,0xcc1455b0,0xc323a602,1791196305.41789,Synchronized,100,TxSubmitted,"TxSubmitted { id: JobId(4), epoch: Epoch(29853272), purpose: Presence, slot: 0, sequence: Sequence(0) }"
13,7.051,1,0xcc1455b0,0xc323a602,1791196305.417999,Synchronized,100,TxSubmitted,"TxSubmitted { id: JobId(5), epoch: Epoch(29853272), purpose: Heartbeat, slot: 31, sequence: Sequence(1) }"
14,7.051,1,0xcc1455b0,0xc323a602,1791196305.418068,Synchronized,100,EpochScheduled,"EpochScheduled { epoch: Epoch(29853272), scan: true, presence_slot: 0, heartbeat_slot: 31, receive_windows: 1 }"
15,8.003,1,0xcc1455b0,0xc323a602,1791196306.369747,Synchronized,113,LocationStatus,"LocationStatus { valid: true, latitude_e7: 519302550, longitude_e7: -12485533, fixes_seen: 6, fixes_used: 3, satellites: Some(6), hdop_centi: Some(193), uncertainty_meters: Some(41) }"
16,10.287,1,0xcc1455b0,0xc323a602,1791196308.653559,Synchronized,135,RxWindow,"RxWindow { id: JobId(3), opened: false, scan: false, predicted: false, receptions: 0 }"
17,10.287,1,0xcc1455b0,0xc323a602,1791196308.653647,Synchronized,135,RxWindow,"RxWindow { id: JobId(6), opened: true, scan: false, predicted: false, receptions: 0 }"
18,15.397,1,0xcc1455b0,0xc323a602,1791196313.763728,Synchronized,187,RxWindow,"RxWindow { id: JobId(6), opened: false, scan: false, predicted: false, receptions: 0 }"
19,15.397,1,0xcc1455b0,0xc323a602,1791196313.763816,Synchronized,187,RxWindow,"RxWindow { id: JobId(7), opened: true, scan: false, predicted: false, receptions: 0 }"
20,20.507,1,0xcc1455b0,0xc323a602,1791196318.8739,Synchronized,235,RxWindow,"RxWindow { id: JobId(7), opened: false, scan: false, predicted: false, receptions: 0 }"
21,20.507,1,0xcc1455b0,0xc323a602,1791196318.873988,Synchronized,235,RxWindow,"RxWindow { id: JobId(8), opened: true, scan: false, predicted: false, receptions: 0 }"
22,21.533,1,0xcc1455b0,0xc323a602,1791196319.900278,Synchronized,244,RxWindow,"RxWindow { id: JobId(8), opened: false, scan: false, predicted: false, receptions: 0 }"
23,21.534,1,0xcc1455b0,0xc323a602,1791196319.900366,Synchronized,244,RxWindow,"RxWindow { id: JobId(9), opened: true, scan: false, predicted: false, receptions: 0 }"
24,21.684,1,0xcc1455b0,0xc323a602,1791196320.05106,Synchronized,244,TxCompleted,"TxCompleted { id: JobId(4), epoch: Epoch(29853272), purpose: Presence, slot: 0, sequence: Sequence(0) }"
25,21.684,1,0xcc1455b0,0xc323a602,1791196320.05112,Synchronized,244,RadioFailure,"RadioFailure { id: JobId(9), error: Schedule(MissedSlot) }"
26,21.684,1,0xcc1455b0,0xc323a602,1791196320.051208,Synchronized,244,RxWindow,"RxWindow { id: JobId(10), opened: true, scan: false, predicted: false, receptions: 0 }"
27,26.794,1,0xcc1455b0,0xc323a602,1791196325.161296,Synchronized,288,RxWindow,"RxWindow { id: JobId(10), opened: false, scan: false, predicted: false, receptions: 0 }"
28,26.795,1,0xcc1455b0,0xc323a602,1791196325.161384,Synchronized,288,RxWindow,"RxWindow { id: JobId(11), opened: true, scan: false, predicted: false, receptions: 0 }"
29,28.685,1,0xcc1455b0,0xc323a602,1791196327.052005,Synchronized,303,NeighbourChanged,"NeighbourChanged { node: NodeId(941614212), boot: BootId(1503990173), discovered: true, boot_changed: false, base_station: false, count: 1 }"
30,28.685,1,0xcc1455b0,0xc323a602,1791196327.052041,Synchronized,303,Rx,"Rx { frame_type: Presence, source: NodeId(941614212), source_boot: BootId(1503990173), sequence: Sequence(6), epoch: Some(Epoch(29853272)), expected_slot: Some(8), class: Outside, rssi_dbm_x2: -92, snr_db_x4: Some(57), valid: true }"
31,28.685,1,0xcc1455b0,0xc323a602,1791196327.052091,Synchronized,303,RxWindow,"RxWindow { id: JobId(12), opened: true, scan: false, predicted: false, receptions: 1 }"
32,31.905,1,0xcc1455b0,0xc323a602,1791196330.271477,Synchronized,334,RxWindow,"RxWindow { id: JobId(12), opened: false, scan: false, predicted: false, receptions: 1 }"
33,31.905,1,0xcc1455b0,0xc323a602,1791196330.271562,Synchronized,334,RxWindow,"RxWindow { id: JobId(13), opened: true, scan: false, predicted: false, receptions: 0 }"
34,34.993,1,0xcc1455b0,0xc323a602,1791196333.359638,Synchronized,357,LocationStatus,"LocationStatus { valid: true, latitude_e7: 519302833, longitude_e7: -12484983, fixes_seen: 60, fixes_used: 9, satellites: Some(8), hdop_centi: Some(129), uncertainty_meters: Some(6) }"
35,37.015,1,0xcc1455b0,0xc323a602,1791196335.381658,Synchronized,371,RxWindow,"RxWindow { id: JobId(13), opened: false, scan: false, predicted: false, receptions: 0 }"
36,37.015,1,0xcc1455b0,0xc323a602,1791196335.381744,Synchronized,371,RxWindow,"RxWindow { id: JobId(14), opened: true, scan: false, predicted: false, receptions: 0 }"
37,42.125,1,0xcc1455b0,0xc323a602,1791196340.491842,Synchronized,405,RxWindow,"RxWindow { id: JobId(14), opened: false, scan: false, predicted: false, receptions: 0 }"
38,42.125,1,0xcc1455b0,0xc323a602,1791196340.49193,Synchronized,405,RxWindow,"RxWindow { id: JobId(15), opened: true, scan: false, predicted: false, receptions: 0 }"
39,43.706,1,0xcc1455b0,0xc323a602,1791196342.072512,Synchronized,410,Rx,"Rx { frame_type: Heartbeat, source: NodeId(941614212), source_boot: BootId(1503990173), sequence: Sequence(7), epoch: Some(Epoch(29853272)), expected_slot: Some(23), class: Outside, rssi_dbm_x2: -90, snr_db_x4: Some(64), valid: true }"
40,43.706,1,0xcc1455b0,0xc323a602,1791196342.072562,Synchronized,410,RxWindow,"RxWindow { id: JobId(16), opened: true, scan: false, predicted: false, receptions: 1 }"
41,47.235,1,0xcc1455b0,0xc323a602,1791196345.602033,Synchronized,434,RxWindow,"RxWindow { id: JobId(16), opened: false, scan: false, predicted: false, receptions: 1 }"
42,47.235,1,0xcc1455b0,0xc323a602,1791196345.602121,Synchronized,434,RxWindow,"RxWindow { id: JobId(17), opened: true, scan: false, predicted: false, receptions: 0 }"
43,52.345,1,0xcc1455b0,0xc323a602,1791196350.712227,Synchronized,463,RxWindow,"RxWindow { id: JobId(17), opened: false, scan: false, predicted: false, receptions: 0 }"
44,52.689,1,0xcc1455b0,0xc323a602,1791196351.056272,Synchronized,463,TxCompleted,"TxCompleted { id: JobId(5), epoch: Epoch(29853272), purpose: Heartbeat, slot: 31, sequence: Sequence(1) }"
45,52.689,1,0xcc1455b0,0xc323a602,1791196351.056362,Synchronized,463,RxWindow,"RxWindow { id: JobId(18), opened: true, scan: false, predicted: false, receptions: 0 }"
46,57.799,1,0xcc1455b0,0xc323a602,1791196356.166467,Synchronized,487,RxWindow,"RxWindow { id: JobId(18), opened: false, scan: false, predicted: false, receptions: 0 }"
47,57.8,1,0xcc1455b0,0xc323a602,1791196356.166555,Synchronized,487,RxWindow,"RxWindow { id: JobId(19), opened: true, scan: false, predicted: false, receptions: 0 }"
48,61.633,1,0xcc1455b0,0xc323a602,1791196360.000203,Synchronized,506,NeighbourTable,"NeighbourTable { epoch: Epoch(29853272), count: 1 }"
49,61.633,2,0xcc1455b0,0xc323a602,1791196360.000238,Synchronized,506,NeighbourEntry,"NeighbourEntry { epoch: Epoch(29853272), index: 0, node: NodeId(941614212), boot: BootId(1503990173), base_station: false, schedule_version: 2, last_seen_utc: UtcTimestamp { seconds: 1791196342, microseconds: 71460 }, location: Some(CompactLocation { latitude_e7: 519302816, longitude_e7: -12484150 }), location_uncertainty_meters: None, rssi_dbm_x2: Some(-90), snr_db_x4: Some(64), received_packets: 2, failed_packets: 0 }"
50,61.633,2,0xcc1455b0,0xc323a602,1791196360.000273,Synchronized,506,Summary,"Summary { epoch: Epoch(29853272), mode: Receiving, radio: RadioServiceStats { frames_tx: 2, frames_rx: 2, heartbeat_tx: 1, presence_tx: 1, presence_rx: 1, malformed_frames: 0, unsupported_frames: 0, schedule_misses: 2, scheduler_conflicts: 0, queue_drops: 0, neighbour_count: 1, radio_errors: 0 }, heartbeat_rx: 1, unknown_heartbeat_rx: 0, predicted_rx: 0, predicted_misses: 0, scan_rx: 0, outside_rx: 2, unverifiable_rx: 0, application_malformed: 0, diagnostic_drops: 0, logging_drops: 0, logging_truncations: 0 }"
51,61.633,1,0xcc1455b0,0xc323a602,1791196360.000481,Synchronized,506,TxSubmitted,"TxSubmitted { id: JobId(20), epoch: Epoch(29853273), purpose: Presence, slot: 5, sequence: Sequence(2) }"
52,61.634,1,0xcc1455b0,0xc323a602,1791196360.00059,Synchronized,506,TxSubmitted,"TxSubmitted { id: JobId(21), epoch: Epoch(29853273), purpose: Heartbeat, slot: 26, sequence: Sequence(3) }"
53,61.634,1,0xcc1455b0,0xc323a602,1791196360.000661,Synchronized,506,EpochScheduled,"EpochScheduled { epoch: Epoch(29853273), scan: true, presence_slot: 5, heartbeat_slot: 26, receive_windows: 1 }"
54,62.91,1,0xcc1455b0,0xc323a602,1791196361.276733,Synchronized,516,RxWindow,"RxWindow { id: JobId(19), opened: false, scan: false, predicted: false, receptions: 0 }"
55,62.91,1,0xcc1455b0,0xc323a602,1791196361.276819,Synchronized,516,RxWindow,"RxWindow { id: JobId(22), opened: true, scan: false, predicted: false, receptions: 0 }"
56,65.008,1,0xcc1455b0,0xc323a602,1791196363.374984,Synchronized,525,LocationStatus,"LocationStatus { valid: true, latitude_e7: 519302366, longitude_e7: -12483950, fixes_seen: 120, fixes_used: 9, satellites: Some(8), hdop_centi: Some(129), uncertainty_meters: Some(6) }"
57,65.908,1,0xcc1455b0,0xc323a602,1791196364.274924,Synchronized,529,TimeCalibration,"TimeCalibration { status: Synchronized, source: GpsPps, uncertainty_us: 529, accepted_anchors: 60, rejected_anchors: 0, calibration_samples: 1, calibration_locked: false, calibrated_error_ppb: 0 }"
58,67.962,1,0xcc1455b0,0xc323a602,1791196366.329053,Synchronized,538,TimeCalibration,"TimeCalibration { status: Synchronized, source: GpsPps, uncertainty_us: 538, accepted_anchors: 62, rejected_anchors: 0, calibration_samples: 2, calibration_locked: false, calibrated_error_ppb: 10819 }"
59,68.02,1,0xcc1455b0,0xc323a602,1791196366.386936,Synchronized,538,RxWindow,"RxWindow { id: JobId(22), opened: false, scan: false, predicted: false, receptions: 0 }"
60,68.02,1,0xcc1455b0,0xc323a602,1791196366.387023,Synchronized,538,RxWindow,"RxWindow { id: JobId(23), opened: true, scan: false, predicted: false, receptions: 0 }"
61,73.13,1,0xcc1455b0,0xc323a602,1791196371.497189,Synchronized,506,RxWindow,"RxWindow { id: JobId(23), opened: false, scan: false, predicted: false, receptions: 0 }"
62,73.13,1,0xcc1455b0,0xc323a602,1791196371.497276,Synchronized,506,RxWindow,"RxWindow { id: JobId(24), opened: true, scan: false, predicted: false, receptions: 0 }"
63,78.24,1,0xcc1455b0,0xc323a602,1791196376.607441,Synchronized,474,RxWindow,"RxWindow { id: JobId(24), opened: false, scan: false, predicted: false, receptions: 0 }"
64,78.24,1,0xcc1455b0,0xc323a602,1791196376.607529,Synchronized,474,RxWindow,"RxWindow { id: JobId(25), opened: true, scan: false, predicted: false, receptions: 0 }"
65,83.35,1,0xcc1455b0,0xc323a602,1791196381.717689,Synchronized,447,RxWindow,"RxWindow { id: JobId(25), opened: false, scan: false, predicted: false, receptions: 0 }"
66,83.35,1,0xcc1455b0,0xc323a602,1791196381.717777,Synchronized,447,RxWindow,"RxWindow { id: JobId(26), opened: true, scan: false, predicted: false, receptions: 0 }"
67,86.533,1,0xcc1455b0,0xc323a602,1791196384.900449,Synchronized,432,RxWindow,"RxWindow { id: JobId(26), opened: false, scan: false, predicted: false, receptions: 0 }"
68,86.533,1,0xcc1455b0,0xc323a602,1791196384.900537,Synchronized,432,RxWindow,"RxWindow { id: JobId(27), opened: true, scan: false, predicted: false, receptions: 0 }"
69,86.684,1,0xcc1455b0,0xc323a602,1791196385.051234,Synchronized,432,TxCompleted,"TxCompleted { id: JobId(20), epoch: Epoch(29853273), purpose: Presence, slot: 5, sequence: Sequence(2) }"
70,86.684,1,0xcc1455b0,0xc323a602,1791196385.051294,Synchronized,432,RadioFailure,"RadioFailure { id: JobId(27), error: Schedule(MissedSlot) }"
71,86.684,1,0xcc1455b0,0xc323a602,1791196385.051382,Synchronized,432,RxWindow,"RxWindow { id: JobId(28), opened: true, scan: false, predicted: false, receptions: 0 }"
72,91.794,1,0xcc1455b0,0xc323a602,1791196390.161538,Synchronized,407,RxWindow,"RxWindow { id: JobId(28), opened: false, scan: false, predicted: false, receptions: 0 }"
73,91.794,1,0xcc1455b0,0xc323a602,1791196390.161627,Synchronized,407,RxWindow,"RxWindow { id: JobId(29), opened: true, scan: false, predicted: false, receptions: 0 }"
74,93.684,1,0xcc1455b0,0xc323a602,1791196392.051912,Synchronized,399,NeighbourChanged,"NeighbourChanged { node: NodeId(941614212), boot: BootId(1503990173), discovered: false, boot_changed: false, base_station: false, count: 1 }"
75,93.684,1,0xcc1455b0,0xc323a602,1791196392.051948,Synchronized,399,Rx,"Rx { frame_type: Presence, source: NodeId(941614212), source_boot: BootId(1503990173), sequence: Sequence(8), epoch: Some(Epoch(29853273)), expected_slot: Some(13), class: Outside, rssi_dbm_x2: -90, snr_db_x4: Some(62), valid: true }"
76,93.685,1,0xcc1455b0,0xc323a602,1791196392.051998,Synchronized,399,RxWindow,"RxWindow { id: JobId(30), opened: true, scan: false, predicted: false, receptions: 1 }"
77,95.002,1,0xcc1455b0,0xc323a602,1791196393.369032,Synchronized,390,LocationStatus,"LocationStatus { valid: true, latitude_e7: 519303183, longitude_e7: -12483600, fixes_seen: 180, fixes_used: 9, satellites: Some(7), hdop_centi: Some(155), uncertainty_meters: Some(8) }"
78,96.904,1,0xcc1455b0,0xc323a602,1791196395.271779,Synchronized,382,RxWindow,"RxWindow { id: JobId(30), opened: false, scan: false, predicted: false, receptions: 1 }"
79,96.904,1,0xcc1455b0,0xc323a602,1791196395.271865,Synchronized,382,RxWindow,"RxWindow { id: JobId(31), opened: true, scan: false, predicted: false, receptions: 0 }"
80,102.014,1,0xcc1455b0,0xc323a602,1791196400.382019,Synchronized,361,RxWindow,"RxWindow { id: JobId(31), opened: false, scan: false, predicted: false, receptions: 0 }"
81,102.015,1,0xcc1455b0,0xc323a602,1791196400.382105,Synchronized,361,RxWindow,"RxWindow { id: JobId(32), opened: true, scan: false, predicted: false, receptions: 0 }"
82,107.125,1,0xcc1455b0,0xc323a602,1791196405.492261,Synchronized,342,RxWindow,"RxWindow { id: JobId(32), opened: false, scan: false, predicted: false, receptions: 0 }"
83,107.125,1,0xcc1455b0,0xc323a602,1791196405.492348,Synchronized,342,RxWindow,"RxWindow { id: JobId(33), opened: true, scan: false, predicted: false, receptions: 0 }"
84,107.533,1,0xcc1455b0,0xc323a602,1791196405.900617,Synchronized,342,RxWindow,"RxWindow { id: JobId(33), opened: false, scan: false, predicted: false, receptions: 0 }"
85,107.533,1,0xcc1455b0,0xc323a602,1791196405.900705,Synchronized,342,RxWindow,"RxWindow { id: JobId(34), opened: true, scan: false, predicted: false, receptions: 0 }"
86,107.704,1,0xcc1455b0,0xc323a602,1791196406.071882,Synchronized,342,TxCompleted,"TxCompleted { id: JobId(21), epoch: Epoch(29853273), purpose: Heartbeat, slot: 26, sequence: Sequence(3) }"
87,107.704,1,0xcc1455b0,0xc323a602,1791196406.071941,Synchronized,342,RadioFailure,"RadioFailure { id: JobId(34), error: Schedule(MissedSlot) }"
88,107.704,1,0xcc1455b0,0xc323a602,1791196406.07203,Synchronized,342,RxWindow,"RxWindow { id: JobId(35), opened: true, scan: false, predicted: false, receptions: 0 }"
89,112.814,1,0xcc1455b0,0xc323a602,1791196411.182176,Synchronized,327,RxWindow,"RxWindow { id: JobId(35), opened: false, scan: false, predicted: false, receptions: 0 }"
90,112.815,1,0xcc1455b0,0xc323a602,1791196411.182265,Synchronized,327,RxWindow,"RxWindow { id: JobId(36), opened: true, scan: false, predicted: false, receptions: 0 }"
91,117.925,1,0xcc1455b0,0xc323a602,1791196416.29241,Synchronized,308,RxWindow,"RxWindow { id: JobId(36), opened: false, scan: false, predicted: false, receptions: 0 }"
92,117.925,1,0xcc1455b0,0xc323a602,1791196416.292495,Synchronized,308,RxWindow,"RxWindow { id: JobId(37), opened: true, scan: false, predicted: false, receptions: 0 }"
93,118.705,1,0xcc1455b0,0xc323a602,1791196417.072609,Synchronized,308,Rx,"Rx { frame_type: Heartbeat, source: NodeId(941614212), source_boot: BootId(1503990173), sequence: Sequence(9), epoch: Some(Epoch(29853273)), expected_slot: Some(38), class: Outside, rssi_dbm_x2: -90, snr_db_x4: Some(63), valid: true }"
94,118.705,1,0xcc1455b0,0xc323a602,1791196417.072659,Synchronized,308,RxWindow,"RxWindow { id: JobId(38), opened: true, scan: false, predicted: false, receptions: 1 }"
95,121.633,1,0xcc1455b0,0xc323a602,1791196420.000477,Synchronized,298,NeighbourTable,"NeighbourTable { epoch: Epoch(29853273), count: 1 }"
96,121.633,2,0xcc1455b0,0xc323a602,1791196420.000512,Synchronized,298,NeighbourEntry,"NeighbourEntry { epoch: Epoch(29853273), index: 0, node: NodeId(941614212), boot: BootId(1503990173), base_station: false, schedule_version: 2, last_seen_utc: UtcTimestamp { seconds: 1791196417, microseconds: 71560 }, location: Some(CompactLocation { latitude_e7: 519302816, longitude_e7: -12484150 }), location_uncertainty_meters: None, rssi_dbm_x2: Some(-90), snr_db_x4: Some(63), received_packets: 4, failed_packets: 0 }"
97,121.633,2,0xcc1455b0,0xc323a602,1791196420.000547,Synchronized,298,Summary,"Summary { epoch: Epoch(29853273), mode: Receiving, radio: RadioServiceStats { frames_tx: 4, frames_rx: 4, heartbeat_tx: 2, presence_tx: 2, presence_rx: 2, malformed_frames: 0, unsupported_frames: 0, schedule_misses: 4, scheduler_conflicts: 0, queue_drops: 0, neighbour_count: 1, radio_errors: 0 }, heartbeat_rx: 2, unknown_heartbeat_rx: 0, predicted_rx: 0, predicted_misses: 0, scan_rx: 0, outside_rx: 4, unverifiable_rx: 0, application_malformed: 0, diagnostic_drops: 0, logging_drops: 0, logging_truncations: 0 }"
98,121.633,1,0xcc1455b0,0xc323a602,1791196420.000755,Synchronized,298,TxSubmitted,"TxSubmitted { id: JobId(39), epoch: Epoch(29853274), purpose: Presence, slot: 10, sequence: Sequence(4) }"
99,121.633,1,0xcc1455b0,0xc323a602,1791196420.000865,Synchronized,298,TxSubmitted,"TxSubmitted { id: JobId(40), epoch: Epoch(29853274), purpose: Heartbeat, slot: 21, sequence: Sequence(5) }"
100,121.633,1,0xcc1455b0,0xc323a602,1791196420.000936,Synchronized,298,EpochScheduled,"EpochScheduled { epoch: Epoch(29853274), scan: true, presence_slot: 10, heartbeat_slot: 21, receive_windows: 1 }"
101,123.035,1,0xcc1455b0,0xc323a602,1791196421.402715,Synchronized,292,RxWindow,"RxWindow { id: JobId(38), opened: false, scan: false, predicted: false, receptions: 1 }"
102,123.035,1,0xcc1455b0,0xc323a602,1791196421.402802,Synchronized,292,RxWindow,"RxWindow { id: JobId(41), opened: true, scan: false, predicted: false, receptions: 0 }"
103,124.998,1,0xcc1455b0,0xc323a602,1791196423.365801,Synchronized,287,LocationStatus,"LocationStatus { valid: true, latitude_e7: 519302000, longitude_e7: -12483833, fixes_seen: 240, fixes_used: 9, satellites: Some(7), hdop_centi: Some(155), uncertainty_meters: Some(7) }"
104,125.896,1,0xcc1455b0,0xc323a602,1791196424.263775,Synchronized,285,TimeCalibration,"TimeCalibration { status: Synchronized, source: GpsPps, uncertainty_us: 285, accepted_anchors: 120, rejected_anchors: 0, calibration_samples: 2, calibration_locked: false, calibrated_error_ppb: 10819 }"
105,128.145,1,0xcc1455b0,0xc323a602,1791196426.512947,Synchronized,281,RxWindow,"RxWindow { id: JobId(41), opened: false, scan: false, predicted: false, receptions: 0 }"
106,128.145,1,0xcc1455b0,0xc323a602,1791196426.513034,Synchronized,281,RxWindow,"RxWindow { id: JobId(42), opened: true, scan: false, predicted: false, receptions: 0 }"
107,128.892,1,0xcc1455b0,0xc323a602,1791196427.259725,Synchronized,279,TimeCalibration,"TimeCalibration { status: Synchronized, source: GpsPps, uncertainty_us: 279, accepted_anchors: 123, rejected_anchors: 0, calibration_samples: 3, calibration_locked: false, calibrated_error_ppb: 10827 }"
108,133.255,1,0xcc1455b0,0xc323a602,1791196431.623178,Synchronized,270,RxWindow,"RxWindow { id: JobId(42), opened: false, scan: false, predicted: false, receptions: 0 }"
109,133.255,1,0xcc1455b0,0xc323a602,1791196431.623266,Synchronized,270,RxWindow,"RxWindow { id: JobId(43), opened: true, scan: false, predicted: false, receptions: 0 }"
110,136.552,1,0xcc1455b0,0xc323a602,1791196434.919756,Synchronized,264,PacketRejected,PacketRejected { id: JobId(43) }
111,136.552,1,0xcc1455b0,0xc323a602,1791196434.919806,Synchronized,264,RxWindow,"RxWindow { id: JobId(44), opened: true, scan: false, predicted: false, receptions: 0 }"
112,138.365,1,0xcc1455b0,0xc323a602,1791196436.73341,Synchronized,259,RxWindow,"RxWindow { id: JobId(44), opened: false, scan: false, predicted: false, receptions: 0 }"
113,138.365,1,0xcc1455b0,0xc323a602,1791196436.733498,Synchronized,259,RxWindow,"RxWindow { id: JobId(45), opened: true, scan: false, predicted: false, receptions: 0 }"
114,143.475,1,0xcc1455b0,0xc323a602,1791196441.843643,Synchronized,248,RxWindow,"RxWindow { id: JobId(45), opened: false, scan: false, predicted: false, receptions: 0 }"
115,143.476,1,0xcc1455b0,0xc323a602,1791196441.843734,Synchronized,248,RxWindow,"RxWindow { id: JobId(46), opened: true, scan: false, predicted: false, receptions: 0 }"
116,148.586,1,0xcc1455b0,0xc323a602,1791196446.953875,Synchronized,238,RxWindow,"RxWindow { id: JobId(46), opened: false, scan: false, predicted: false, receptions: 0 }"
117,148.586,1,0xcc1455b0,0xc323a602,1791196446.953963,Synchronized,238,RxWindow,"RxWindow { id: JobId(47), opened: true, scan: false, predicted: false, receptions: 0 }"
118,151.532,1,0xcc1455b0,0xc323a602,1791196449.900232,Synchronized,231,RxWindow,"RxWindow { id: JobId(47), opened: false, scan: false, predicted: false, receptions: 0 }"
119,151.532,1,0xcc1455b0,0xc323a602,1791196449.90032,Synchronized,231,RxWindow,"RxWindow { id: JobId(48), opened: true, scan: false, predicted: false, receptions: 0 }"
120,151.683,1,0xcc1455b0,0xc323a602,1791196450.051375,Synchronized,231,TxCompleted,"TxCompleted { id: JobId(39), epoch: Epoch(29853274), purpose: Presence, slot: 10, sequence: Sequence(4) }"
121,151.683,1,0xcc1455b0,0xc323a602,1791196450.051434,Synchronized,231,RadioFailure,"RadioFailure { id: JobId(48), error: Schedule(MissedSlot) }"
122,151.683,1,0xcc1455b0,0xc323a602,1791196450.051522,Synchronized,231,RxWindow,"RxWindow { id: JobId(49), opened: true, scan: false, predicted: false, receptions: 0 }"
123,155.008,1,0xcc1455b0,0xc323a602,1791196453.376124,Synchronized,227,LocationStatus,"LocationStatus { valid: true, latitude_e7: 519301916, longitude_e7: -12484000, fixes_seen: 300, fixes_used: 9, satellites: Some(8), hdop_centi: Some(149), uncertainty_meters: Some(7) }"
124,156.793,1,0xcc1455b0,0xc323a602,1791196455.16166,Synchronized,225,RxWindow,"RxWindow { id: JobId(49), opened: false, scan: false, predicted: false, receptions: 0 }"
125,156.793,1,0xcc1455b0,0xc323a602,1791196455.161748,Synchronized,225,RxWindow,"RxWindow { id: JobId(50), opened: true, scan: false, predicted: false, receptions: 0 }"
126,158.684,1,0xcc1455b0,0xc323a602,1791196457.052078,Synchronized,223,NeighbourChanged,"NeighbourChanged { node: NodeId(941614212), boot: BootId(1503990173), discovered: false, boot_changed: false, base_station: false, count: 1 }"
127,158.684,1,0xcc1455b0,0xc323a602,1791196457.052114,Synchronized,223,Rx,"Rx { frame_type: Presence, source: NodeId(941614212), source_boot: BootId(1503990173), sequence: Sequence(10), epoch: Some(Epoch(29853274)), expected_slot: Some(18), class: Outside, rssi_dbm_x2: -90, snr_db_x4: Some(57), valid: true }"
128,158.684,1,0xcc1455b0,0xc323a602,1791196457.052164,Synchronized,223,RxWindow,"RxWindow { id: JobId(51), opened: true, scan: false, predicted: false, receptions: 1 }"
129,161.904,1,0xcc1455b0,0xc323a602,1791196460.271886,Synchronized,219,RxWindow,"RxWindow { id: JobId(51), opened: false, scan: false, predicted: false, receptions: 1 }"
130,161.904,1,0xcc1455b0,0xc323a602,1791196460.271971,Synchronized,219,RxWindow,"RxWindow { id: JobId(52), opened: true, scan: false, predicted: false, receptions: 0 }"
131,162.532,1,0xcc1455b0,0xc323a602,1791196460.900202,Synchronized,219,RxWindow,"RxWindow { id: JobId(52), opened: false, scan: false, predicted: false, receptions: 0 }"
132,162.532,1,0xcc1455b0,0xc323a602,1791196460.90029,Synchronized,219,RxWindow,"RxWindow { id: JobId(53), opened: true, scan: false, predicted: false, receptions: 0 }"
133,162.703,1,0xcc1455b0,0xc323a602,1791196461.071468,Synchronized,219,TxCompleted,"TxCompleted { id: JobId(40), epoch: Epoch(29853274), purpose: Heartbeat, slot: 21, sequence: Sequence(5) }"
134,162.703,1,0xcc1455b0,0xc323a602,1791196461.071527,Synchronized,219,RadioFailure,"RadioFailure { id: JobId(53), error: Schedule(MissedSlot) }"
135,162.703,1,0xcc1455b0,0xc323a602,1791196461.071616,Synchronized,219,RxWindow,"RxWindow { id: JobId(54), opened: true, scan: false, predicted: false, receptions: 0 }"
136,167.813,1,0xcc1455b0,0xc323a602,1791196466.18175,Synchronized,213,RxWindow,"RxWindow { id: JobId(54), opened: false, scan: false, predicted: false, receptions: 0 }"
137,167.813,1,0xcc1455b0,0xc323a602,1791196466.181839,Synchronized,213,RxWindow,"RxWindow { id: JobId(55), opened: true, scan: false, predicted: false, receptions: 0 }"
138,172.923,1,0xcc1455b0,0xc323a602,1791196471.291974,Synchronized,206,RxWindow,"RxWindow { id: JobId(55), opened: false, scan: false, predicted: false, receptions: 0 }"
139,172.924,1,0xcc1455b0,0xc323a602,1791196471.292059,Synchronized,206,RxWindow,"RxWindow { id: JobId(56), opened: true, scan: false, predicted: false, receptions: 0 }"
140,173.704,1,0xcc1455b0,0xc323a602,1791196472.072712,Synchronized,206,Rx,"Rx { frame_type: Heartbeat, source: NodeId(941614212), source_boot: BootId(1503990173), sequence: Sequence(11), epoch: Some(Epoch(29853274)), expected_slot: Some(33), class: Outside, rssi_dbm_x2: -90, snr_db_x4: Some(59), valid: true }"
141,173.704,1,0xcc1455b0,0xc323a602,1791196472.072762,Synchronized,206,RxWindow,"RxWindow { id: JobId(57), opened: true, scan: false, predicted: false, receptions: 1 }"
142,178.034,1,0xcc1455b0,0xc323a602,1791196476.402196,Synchronized,200,RxWindow,"RxWindow { id: JobId(57), opened: false, scan: false, predicted: false, receptions: 1 }"
143,178.034,1,0xcc1455b0,0xc323a602,1791196476.402282,Synchronized,200,RxWindow,"RxWindow { id: JobId(58), opened: true, scan: false, predicted: false, receptions: 0 }"
144,181.631,1,0xcc1455b0,0xc323a602,1791196479.999925,Synchronized,197,NeighbourTable,"NeighbourTable { epoch: Epoch(29853274), count: 1 }"
145,181.631,2,0xcc1455b0,0xc323a602,1791196479.99996,Synchronized,197,NeighbourEntry,"NeighbourEntry { epoch: Epoch(29853274), index: 0, node: NodeId(941614212), boot: BootId(1503990173), base_station: false, schedule_version: 2, last_seen_utc: UtcTimestamp { seconds: 1791196472, microseconds: 71663 }, location: Some(CompactLocation { latitude_e7: 519302816, longitude_e7: -12484150 }), location_uncertainty_meters: None, rssi_dbm_x2: Some(-90), snr_db_x4: Some(59), received_packets: 6, failed_packets: 0 }"
146,181.631,2,0xcc1455b0,0xc323a602,1791196479.999995,Synchronized,197,Summary,"Summary { epoch: Epoch(29853274), mode: Receiving, radio: RadioServiceStats { frames_tx: 6, frames_rx: 6, heartbeat_tx: 3, presence_tx: 3, presence_rx: 3, malformed_frames: 0, unsupported_frames: 0, schedule_misses: 6, scheduler_conflicts: 0, queue_drops: 0, neighbour_count: 1, radio_errors: 0 }, heartbeat_rx: 3, unknown_heartbeat_rx: 0, predicted_rx: 0, predicted_misses: 0, scan_rx: 0, outside_rx: 6, unverifiable_rx: 0, application_malformed: 0, diagnostic_drops: 0, logging_drops: 0, logging_truncations: 0 }"
147,181.632,1,0xcc1455b0,0xc323a602,1791196480.000203,Synchronized,197,TxSubmitted,"TxSubmitted { id: JobId(59), epoch: Epoch(29853275), purpose: Presence, slot: 15, sequence: Sequence(6) }"
148,181.632,1,0xcc1455b0,0xc323a602,1791196480.000313,Synchronized,197,TxSubmitted,"TxSubmitted { id: JobId(60), epoch: Epoch(29853275), purpose: Heartbeat, slot: 36, sequence: Sequence(7) }"
149,181.632,1,0xcc1455b0,0xc323a602,1791196480.000384,Synchronized,197,EpochScheduled,"EpochScheduled { epoch: Epoch(29853275), scan: true, presence_slot: 15, heartbeat_slot: 36, receive_windows: 1 }"
150,183.144,1,0xcc1455b0,0xc323a602,1791196481.512492,Synchronized,194,RxWindow,"RxWindow { id: JobId(58), opened: false, scan: false, predicted: false, receptions: 0 }"
151,183.144,1,0xcc1455b0,0xc323a602,1791196481.51258,Synchronized,194,RxWindow,"RxWindow { id: JobId(61), opened: true, scan: false, predicted: false, receptions: 0 }"
152,185.02,1,0xcc1455b0,0xc323a602,1791196483.388737,Synchronized,192,LocationStatus,"LocationStatus { valid: true, latitude_e7: 519303116, longitude_e7: -12483033, fixes_seen: 360, fixes_used: 9, satellites: Some(8), hdop_centi: Some(149), uncertainty_meters: Some(7) }"
153,185.924,1,0xcc1455b0,0xc323a602,1791196484.292757,Synchronized,191,TimeCalibration,"TimeCalibration { status: Synchronized, source: GpsPps, uncertainty_us: 191, accepted_anchors: 180, rejected_anchors: 0, calibration_samples: 3, calibration_locked: false, calibrated_error_ppb: 10827 }"
154,188.254,1,0xcc1455b0,0xc323a602,1791196486.622718,Synchronized,188,RxWindow,"RxWindow { id: JobId(61), opened: false, scan: false, predicted: false, receptions: 0 }"
155,188.254,1,0xcc1455b0,0xc323a602,1791196486.622806,Synchronized,188,RxWindow,"RxWindow { id: JobId(62), opened: true, scan: false, predicted: false, receptions: 0 }"
156,189.93,1,0xcc1455b0,0xc323a602,1791196488.298949,Synchronized,186,TimeCalibration,"TimeCalibration { status: Synchronized, source: GpsPps, uncertainty_us: 186, accepted_anchors: 184, rejected_anchors: 0, calibration_samples: 4, calibration_locked: false, calibrated_error_ppb: 10833 }"
157,193.364,1,0xcc1455b0,0xc323a602,1791196491.732945,Synchronized,183,RxWindow,"RxWindow { id: JobId(62), opened: false, scan: false, predicted: false, receptions: 0 }"
158,193.364,1,0xcc1455b0,0xc323a602,1791196491.733033,Synchronized,183,RxWindow,"RxWindow { id: JobId(63), opened: true, scan: false, predicted: false, receptions: 0 }"
159,198.474,1,0xcc1455b0,0xc323a602,1791196496.843176,Synchronized,177,RxWindow,"RxWindow { id: JobId(63), opened: false, scan: false, predicted: false, receptions: 0 }"
160,198.474,1,0xcc1455b0,0xc323a602,1791196496.843264,Synchronized,177,RxWindow,"RxWindow { id: JobId(64), opened: true, scan: false, predicted: false, receptions: 0 }"
161,203.585,1,0xcc1455b0,0xc323a602,1791196501.953402,Synchronized,172,RxWindow,"RxWindow { id: JobId(64), opened: false, scan: false, predicted: false, receptions: 0 }"
162,203.585,1,0xcc1455b0,0xc323a602,1791196501.95349,Synchronized,172,RxWindow,"RxWindow { id: JobId(65), opened: true, scan: false, predicted: false, receptions: 0 }"
163,208.695,1,0xcc1455b0,0xc323a602,1791196507.063624,Synchronized,171,RxWindow,"RxWindow { id: JobId(65), opened: false, scan: false, predicted: false, receptions: 0 }"
164,208.695,1,0xcc1455b0,0xc323a602,1791196507.063712,Synchronized,171,RxWindow,"RxWindow { id: JobId(66), opened: true, scan: false, predicted: false, receptions: 0 }"
165,213.805,1,0xcc1455b0,0xc323a602,1791196512.173847,Synchronized,170,RxWindow,"RxWindow { id: JobId(66), opened: false, scan: false, predicted: false, receptions: 0 }"
166,213.805,1,0xcc1455b0,0xc323a602,1791196512.173936,Synchronized,170,RxWindow,"RxWindow { id: JobId(67), opened: true, scan: false, predicted: false, receptions: 0 }"
167,215.013,1,0xcc1455b0,0xc323a602,1791196513.381864,Synchronized,170,LocationStatus,"LocationStatus { valid: true, latitude_e7: 519303333, longitude_e7: -12483533, fixes_seen: 420, fixes_used: 9, satellites: Some(7), hdop_centi: Some(180), uncertainty_meters: Some(9) }"
168,216.531,1,0xcc1455b0,0xc323a602,1791196514.900235,Synchronized,170,RxWindow,"RxWindow { id: JobId(67), opened: false, scan: false, predicted: false, receptions: 0 }"
169,216.531,1,0xcc1455b0,0xc323a602,1791196514.900323,Synchronized,170,RxWindow,"RxWindow { id: JobId(68), opened: true, scan: false, predicted: false, receptions: 0 }"
170,216.682,1,0xcc1455b0,0xc323a602,1791196515.051019,Synchronized,170,TxCompleted,"TxCompleted { id: JobId(59), epoch: Epoch(29853275), purpose: Presence, slot: 15, sequence: Sequence(6) }"
171,216.682,1,0xcc1455b0,0xc323a602,1791196515.051079,Synchronized,170,RadioFailure,"RadioFailure { id: JobId(68), error: Schedule(MissedSlot) }"
172,216.682,1,0xcc1455b0,0xc323a602,1791196515.051167,Synchronized,170,RxWindow,"RxWindow { id: JobId(69), opened: true, scan: false, predicted: false, receptions: 0 }"
173,221.792,1,0xcc1455b0,0xc323a602,1791196520.1613,Synchronized,169,RxWindow,"RxWindow { id: JobId(69), opened: false, scan: false, predicted: false, receptions: 0 }"
174,221.792,1,0xcc1455b0,0xc323a602,1791196520.161388,Synchronized,169,RxWindow,"RxWindow { id: JobId(70), opened: true, scan: false, predicted: false, receptions: 0 }"
175,226.902,1,0xcc1455b0,0xc323a602,1791196525.271521,Synchronized,168,RxWindow,"RxWindow { id: JobId(70), opened: false, scan: false, predicted: false, receptions: 0 }"
176,226.902,1,0xcc1455b0,0xc323a602,1791196525.271611,Synchronized,168,RxWindow,"RxWindow { id: JobId(71), opened: true, scan: false, predicted: false, receptions: 0 }"
177,228.704,1,0xcc1455b0,0xc323a602,1791196527.072755,Synchronized,168,Rx,"Rx { frame_type: Heartbeat, source: NodeId(941614212), source_boot: BootId(1503990173), sequence: Sequence(13), epoch: Some(Epoch(29853275)), expected_slot: Some(28), class: Outside, rssi_dbm_x2: -90, snr_db_x4: Some(61), valid: true }"
178,228.704,1,0xcc1455b0,0xc323a602,1791196527.072806,Synchronized,168,RxWindow,"RxWindow { id: JobId(72), opened: true, scan: false, predicted: false, receptions: 1 }"
179,232.013,1,0xcc1455b0,0xc323a602,1791196530.381743,Synchronized,167,RxWindow,"RxWindow { id: JobId(72), opened: false, scan: false, predicted: false, receptions: 1 }"
180,232.013,1,0xcc1455b0,0xc323a602,1791196530.381829,Synchronized,167,RxWindow,"RxWindow { id: JobId(73), opened: true, scan: false, predicted: false, receptions: 0 }"
181,237.123,1,0xcc1455b0,0xc323a602,1791196535.491966,Synchronized,167,RxWindow,"RxWindow { id: JobId(73), opened: false, scan: false, predicted: false, receptions: 0 }"
182,237.123,1,0xcc1455b0,0xc323a602,1791196535.492053,Synchronized,167,RxWindow,"RxWindow { id: JobId(74), opened: true, scan: false, predicted: false, receptions: 0 }"
183,237.531,1,0xcc1455b0,0xc323a602,1791196535.900198,Synchronized,167,RxWindow,"RxWindow { id: JobId(74), opened: false, scan: false, predicted: false, receptions: 0 }"
184,237.531,1,0xcc1455b0,0xc323a602,1791196535.900286,Synchronized,167,RxWindow,"RxWindow { id: JobId(75), opened: true, scan: false, predicted: false, receptions: 0 }"
185,237.702,1,0xcc1455b0,0xc323a602,1791196536.071472,Synchronized,167,TxCompleted,"TxCompleted { id: JobId(60), epoch: Epoch(29853275), purpose: Heartbeat, slot: 36, sequence: Sequence(7) }"
186,237.702,1,0xcc1455b0,0xc323a602,1791196536.071531,Synchronized,167,RadioFailure,"RadioFailure { id: JobId(75), error: Schedule(MissedSlot) }"
187,237.702,1,0xcc1455b0,0xc323a602,1791196536.07162,Synchronized,167,RxWindow,"RxWindow { id: JobId(76), opened: true, scan: false, predicted: false, receptions: 0 }"
188,241.631,1,0xcc1455b0,0xc323a602,1791196539.999955,Synchronized,166,NeighbourTable,"NeighbourTable { epoch: Epoch(29853275), count: 1 }"
189,241.631,2,0xcc1455b0,0xc323a602,1791196539.999989,Synchronized,166,NeighbourEntry,"NeighbourEntry { epoch: Epoch(29853275), index: 0, node: NodeId(941614212), boot: BootId(1503990173), base_station: false, schedule_version: 2, last_seen_utc: UtcTimestamp { seconds: 1791196527, microseconds: 71704 }, location: Some(CompactLocation { latitude_e7: 519302816, longitude_e7: -12484150 }), location_uncertainty_meters: None, rssi_dbm_x2: Some(-90), snr_db_x4: Some(61), received_packets: 7, failed_packets: 0 }"
190,241.631,2,0xcc1455b0,0xc323a602,1791196540.000025,Synchronized,166,Summary,"Summary { epoch: Epoch(29853275), mode: Receiving, radio: RadioServiceStats { frames_tx: 8, frames_rx: 7, heartbeat_tx: 4, presence_tx: 4, presence_rx: 3, malformed_frames: 0, unsupported_frames: 0, schedule_misses: 8, scheduler_conflicts: 0, queue_drops: 0, neighbour_count: 1, radio_errors: 0 }, heartbeat_rx: 4, unknown_heartbeat_rx: 0, predicted_rx: 0, predicted_misses: 0, scan_rx: 0, outside_rx: 7, unverifiable_rx: 0, application_malformed: 0, diagnostic_drops: 0, logging_drops: 0, logging_truncations: 0 }"
191,241.631,1,0xcc1455b0,0xc323a602,1791196540.000234,Synchronized,166,TxSubmitted,"TxSubmitted { id: JobId(77), epoch: Epoch(29853276), purpose: Presence, slot: 0, sequence: Sequence(8) }"
192,241.631,1,0xcc1455b0,0xc323a602,1791196540.000344,Synchronized,166,TxSubmitted,"TxSubmitted { id: JobId(78), epoch: Epoch(29853276), purpose: Heartbeat, slot: 31, sequence: Sequence(9) }"
193,241.631,1,0xcc1455b0,0xc323a602,1791196540.000415,Synchronized,166,EpochScheduled,"EpochScheduled { epoch: Epoch(29853276), scan: true, presence_slot: 0, heartbeat_slot: 31, receive_windows: 1 }"
194,242.813,1,0xcc1455b0,0xc323a602,1791196541.181825,Synchronized,166,RxWindow,"RxWindow { id: JobId(76), opened: false, scan: false, predicted: false, receptions: 0 }"
195,242.813,1,0xcc1455b0,0xc323a602,1791196541.181915,Synchronized,166,RxWindow,"RxWindow { id: JobId(79), opened: true, scan: false, predicted: false, receptions: 0 }"
196,245.012,1,0xcc1455b0,0xc323a602,1791196543.381564,Synchronized,165,LocationStatus,"LocationStatus { valid: true, latitude_e7: 519302933, longitude_e7: -12483850, fixes_seen: 480, fixes_used: 9, satellites: Some(8), hdop_centi: Some(165), uncertainty_meters: Some(8) }"
197,245.925,1,0xcc1455b0,0xc323a602,1791196544.294814,Synchronized,165,TimeCalibration,"TimeCalibration { status: Synchronized, source: GpsPps, uncertainty_us: 165, accepted_anchors: 240, rejected_anchors: 0, calibration_samples: 4, calibration_locked: false, calibrated_error_ppb: 10833 }"
198,247.923,1,0xcc1455b0,0xc323a602,1791196546.292047,Synchronized,165,RxWindow,"RxWindow { id: JobId(79), opened: false, scan: false, predicted: false, receptions: 0 }"
199,247.923,1,0xcc1455b0,0xc323a602,1791196546.292133,Synchronized,165,RxWindow,"RxWindow { id: JobId(80), opened: true, scan: false, predicted: false, receptions: 0 }"
200,250.92,1,0xcc1455b0,0xc323a602,1791196549.289564,Synchronized,165,TimeCalibration,"TimeCalibration { status: Synchronized, source: GpsPps, uncertainty_us: 165, accepted_anchors: 245, rejected_anchors: 0, calibration_samples: 5, calibration_locked: false, calibrated_error_ppb: 10836 }"
201,253.033,1,0xcc1455b0,0xc323a602,1791196551.402267,Synchronized,164,RxWindow,"RxWindow { id: JobId(80), opened: false, scan: false, predicted: false, receptions: 0 }"
202,253.033,1,0xcc1455b0,0xc323a602,1791196551.402354,Synchronized,164,RxWindow,"RxWindow { id: JobId(81), opened: true, scan: false, predicted: false, receptions: 0 }"
203,258.143,1,0xcc1455b0,0xc323a602,1791196556.512489,Synchronized,164,RxWindow,"RxWindow { id: JobId(81), opened: false, scan: false, predicted: false, receptions: 0 }"
204,258.143,1,0xcc1455b0,0xc323a602,1791196556.512576,Synchronized,164,RxWindow,"RxWindow { id: JobId(82), opened: true, scan: false, predicted: false, receptions: 0 }"
205,261.531,1,0xcc1455b0,0xc323a602,1791196559.900246,Synchronized,163,RxWindow,"RxWindow { id: JobId(82), opened: false, scan: false, predicted: false, receptions: 0 }"
206,261.531,1,0xcc1455b0,0xc323a602,1791196559.900334,Synchronized,163,RxWindow,"RxWindow { id: JobId(83), opened: true, scan: false, predicted: false, receptions: 0 }"
207,261.682,1,0xcc1455b0,0xc323a602,1791196560.05103,Synchronized,163,TxCompleted,"TxCompleted { id: JobId(77), epoch: Epoch(29853276), purpose: Presence, slot: 0, sequence: Sequence(8) }"
208,261.682,1,0xcc1455b0,0xc323a602,1791196560.05109,Synchronized,163,RadioFailure,"RadioFailure { id: JobId(83), error: Schedule(MissedSlot) }"
209,261.682,1,0xcc1455b0,0xc323a602,1791196560.051178,Synchronized,163,RxWindow,"RxWindow { id: JobId(84), opened: true, scan: false, predicted: false, receptions: 0 }"
210,266.792,1,0xcc1455b0,0xc323a602,1791196565.161311,Synchronized,162,RxWindow,"RxWindow { id: JobId(84), opened: false, scan: false, predicted: false, receptions: 0 }"
211,266.792,1,0xcc1455b0,0xc323a602,1791196565.161399,Synchronized,162,RxWindow,"RxWindow { id: JobId(85), opened: true, scan: false, predicted: false, receptions: 0 }"
212,268.683,1,0xcc1455b0,0xc323a602,1791196567.052144,Synchronized,162,NeighbourChanged,"NeighbourChanged { node: NodeId(941614212), boot: BootId(1503990173), discovered: false, boot_changed: false, base_station: false, count: 1 }"
213,268.683,1,0xcc1455b0,0xc323a602,1791196567.05218,Synchronized,162,Rx,"Rx { frame_type: Presence, source: NodeId(941614212), source_boot: BootId(1503990173), sequence: Sequence(14), epoch: Some(Epoch(29853276)), expected_slot: Some(8), class: Outside, rssi_dbm_x2: -90, snr_db_x4: Some(62), valid: true }"
214,268.683,1,0xcc1455b0,0xc323a602,1791196567.05223,Synchronized,162,RxWindow,"RxWindow { id: JobId(86), opened: true, scan: false, predicted: false, receptions: 1 }"
215,271.913,1,0xcc1455b0,0xc323a602,1791196570.282201,Synchronized,161,RxWindow,"RxWindow { id: JobId(86), opened: false, scan: false, predicted: false, receptions: 1 }"
216,271.913,1,0xcc1455b0,0xc323a602,1791196570.282287,Synchronized,161,RxWindow,"RxWindow { id: JobId(87), opened: true, scan: false, predicted: false, receptions: 0 }"
217,275.002,1,0xcc1455b0,0xc323a602,1791196573.371395,Synchronized,161,LocationStatus,"LocationStatus { valid: true, latitude_e7: 519302850, longitude_e7: -12484683, fixes_seen: 540, fixes_used: 9, satellites: Some(8), hdop_centi: Some(165), uncertainty_meters: Some(8) }"
218,277.023,1,0xcc1455b0,0xc323a602,1791196575.39242,Synchronized,161,RxWindow,"RxWindow { id: JobId(87), opened: false, scan: false, predicted: false, receptions: 0 }"
219,277.023,1,0xcc1455b0,0xc323a602,1791196575.392507,Synchronized,161,RxWindow,"RxWindow { id: JobId(88), opened: true, scan: false, predicted: false, receptions: 0 }"
220,282.133,1,0xcc1455b0,0xc323a602,1791196580.502641,Synchronized,160,RxWindow,"RxWindow { id: JobId(88), opened: false, scan: false, predicted: false, receptions: 0 }"
221,282.133,1,0xcc1455b0,0xc323a602,1791196580.502728,Synchronized,160,RxWindow,"RxWindow { id: JobId(89), opened: true, scan: false, predicted: false, receptions: 0 }"
222,283.703,1,0xcc1455b0,0xc323a602,1791196582.072767,Synchronized,160,Rx,"Rx { frame_type: Heartbeat, source: NodeId(941614212), source_boot: BootId(1503990173), sequence: Sequence(15), epoch: Some(Epoch(29853276)), expected_slot: Some(23), class: Outside, rssi_dbm_x2: -90, snr_db_x4: Some(65), valid: true }"
223,283.703,1,0xcc1455b0,0xc323a602,1791196582.072817,Synchronized,160,RxWindow,"RxWindow { id: JobId(90), opened: true, scan: false, predicted: false, receptions: 1 }"
224,287.243,1,0xcc1455b0,0xc323a602,1791196585.612862,Synchronized,159,RxWindow,"RxWindow { id: JobId(90), opened: false, scan: false, predicted: false, receptions: 1 }"
225,287.243,1,0xcc1455b0,0xc323a602,1791196585.61295,Synchronized,159,RxWindow,"RxWindow { id: JobId(91), opened: true, scan: false, predicted: false, receptions: 0 }"
226,292.353,1,0xcc1455b0,0xc323a602,1791196590.723086,Synchronized,159,RxWindow,"RxWindow { id: JobId(91), opened: false, scan: false, predicted: false, receptions: 0 }"
227,292.702,1,0xcc1455b0,0xc323a602,1791196591.071462,Synchronized,159,TxCompleted,"TxCompleted { id: JobId(78), epoch: Epoch(29853276), purpose: Heartbeat, slot: 31, sequence: Sequence(9) }"
228,292.702,1,0xcc1455b0,0xc323a602,1791196591.071552,Synchronized,159,RxWindow,"RxWindow { id: JobId(92), opened: true, scan: false, predicted: false, receptions: 0 }"
229,297.812,1,0xcc1455b0,0xc323a602,1791196596.181681,Synchronized,158,RxWindow,"RxWindow { id: JobId(92), opened: false, scan: false, predicted: false, receptions: 0 }"
230,297.812,1,0xcc1455b0,0xc323a602,1791196596.18177,Synchronized,158,RxWindow,"RxWindow { id: JobId(93), opened: true, scan: false, predicted: false, receptions: 0 }"
231,301.63,1,0xcc1455b0,0xc323a602,1791196599.999963,Synchronized,157,NeighbourTable,"NeighbourTable { epoch: Epoch(29853276), count: 1 }"
232,301.63,2,0xcc1455b0,0xc323a602,1791196599.999998,Synchronized,157,NeighbourEntry,"NeighbourEntry { epoch: Epoch(29853276), index: 0, node: NodeId(941614212), boot: BootId(1503990173), base_station: false, schedule_version: 2, last_seen_utc: UtcTimestamp { seconds: 1791196582, microseconds: 71715 }, location: Some(CompactLocation { latitude_e7: 519302816, longitude_e7: -12484150 }), location_uncertainty_meters: None, rssi_dbm_x2: Some(-90), snr_db_x4: Some(65), received_packets: 9, failed_packets: 0 }"
233,301.63,2,0xcc1455b0,0xc323a602,1791196600.000033,Synchronized,157,Summary,"Summary { epoch: Epoch(29853276), mode: Receiving, radio: RadioServiceStats { frames_tx: 10, frames_rx: 9, heartbeat_tx: 5, presence_tx: 5, presence_rx: 4, malformed_frames: 0, unsupported_frames: 0, schedule_misses: 9, scheduler_conflicts: 0, queue_drops: 0, neighbour_count: 1, radio_errors: 0 }, heartbeat_rx: 5, unknown_heartbeat_rx: 0, predicted_rx: 0, predicted_misses: 0, scan_rx: 0, outside_rx: 9, unverifiable_rx: 0, application_malformed: 0, diagnostic_drops: 0, logging_drops: 0, logging_truncations: 0 }"
234,301.63,1,0xcc1455b0,0xc323a602,1791196600.000241,Synchronized,157,TxSubmitted,"TxSubmitted { id: JobId(94), epoch: Epoch(29853277), purpose: Presence, slot: 5, sequence: Sequence(10) }"
235,301.63,1,0xcc1455b0,0xc323a602,1791196600.000351,Synchronized,157,TxSubmitted,"TxSubmitted { id: JobId(95), epoch: Epoch(29853277), purpose: Heartbeat, slot: 26, sequence: Sequence(11) }"
236,301.63,1,0xcc1455b0,0xc323a602,1791196600.000422,Synchronized,157,EpochScheduled,"EpochScheduled { epoch: Epoch(29853277), scan: true, presence_slot: 5, heartbeat_slot: 26, receive_windows: 1 }"
237,302.922,1,0xcc1455b0,0xc323a602,1791196601.291977,Synchronized,157,RxWindow,"RxWindow { id: JobId(93), opened: false, scan: false, predicted: false, receptions: 0 }"
238,302.922,1,0xcc1455b0,0xc323a602,1791196601.292063,Synchronized,157,RxWindow,"RxWindow { id: JobId(96), opened: true, scan: false, predicted: false, receptions: 0 }"
239,305.005,1,0xcc1455b0,0xc323a602,1791196603.37454,Synchronized,157,LocationStatus,"LocationStatus { valid: true, latitude_e7: 519303666, longitude_e7: -12483816, fixes_seen: 600, fixes_used: 9, satellites: Some(8), hdop_centi: Some(148), uncertainty_meters: Some(7) }"
240,305.902,1,0xcc1455b0,0xc323a602,1791196604.271515,Synchronized,157,TimeCalibration,"TimeCalibration { status: Synchronized, source: GpsPps, uncertainty_us: 157, accepted_anchors: 300, rejected_anchors: 0, calibration_samples: 5, calibration_locked: false, calibrated_error_ppb: 10836 }"
241,308.032,1,0xcc1455b0,0xc323a602,1791196606.402197,Synchronized,158,RxWindow,"RxWindow { id: JobId(96), opened: false, scan: false, predicted: false, receptions: 0 }"
242,308.032,1,0xcc1455b0,0xc323a602,1791196606.402283,Synchronized,158,RxWindow,"RxWindow { id: JobId(97), opened: true, scan: false, predicted: false, receptions: 0 }"
243,311.952,1,0xcc1455b0,0xc323a602,1791196610.322253,Synchronized,157,TimeCalibration,"TimeCalibration { status: Synchronized, source: GpsPps, uncertainty_us: 157, accepted_anchors: 306, rejected_anchors: 0, calibration_samples: 6, calibration_locked: false, calibrated_error_ppb: 10839 }"
244,313.142,1,0xcc1455b0,0xc323a602,1791196611.512419,Synchronized,157,RxWindow,"RxWindow { id: JobId(97), opened: false, scan: false, predicted: false, receptions: 0 }"
245,313.142,1,0xcc1455b0,0xc323a602,1791196611.512506,Synchronized,157,RxWindow,"RxWindow { id: JobId(98), opened: true, scan: false, predicted: false, receptions: 0 }"
246,318.252,1,0xcc1455b0,0xc323a602,1791196616.62264,Synchronized,156,RxWindow,"RxWindow { id: JobId(98), opened: false, scan: false, predicted: false, receptions: 0 }"
247,318.253,1,0xcc1455b0,0xc323a602,1791196616.622731,Synchronized,156,RxWindow,"RxWindow { id: JobId(99), opened: true, scan: false, predicted: false, receptions: 0 }"
248,323.363,1,0xcc1455b0,0xc323a602,1791196621.732862,Synchronized,156,RxWindow,"RxWindow { id: JobId(99), opened: false, scan: false, predicted: false, receptions: 0 }"
249,323.363,1,0xcc1455b0,0xc323a602,1791196621.732953,Synchronized,156,RxWindow,"RxWindow { id: JobId(100), opened: true, scan: false, predicted: false, receptions: 0 }"
250,326.53,1,0xcc1455b0,0xc323a602,1791196624.900245,Synchronized,155,RxWindow,"RxWindow { id: JobId(100), opened: false, scan: false, predicted: false, receptions: 0 }"
251,326.53,1,0xcc1455b0,0xc323a602,1791196624.900338,Synchronized,155,RxWindow,"RxWindow { id: JobId(101), opened: true, scan: false, predicted: false, receptions: 0 }"
252,326.681,1,0xcc1455b0,0xc323a602,1791196625.051029,Synchronized,155,TxCompleted,"TxCompleted { id: JobId(94), epoch: Epoch(29853277), purpose: Presence, slot: 5, sequence: Sequence(10) }"
253,326.681,1,0xcc1455b0,0xc323a602,1791196625.051088,Synchronized,155,RadioFailure,"RadioFailure { id: JobId(101), error: Schedule(MissedSlot) }"
254,326.681,1,0xcc1455b0,0xc323a602,1791196625.051181,Synchronized,155,RxWindow,"RxWindow { id: JobId(102), opened: true, scan: false, predicted: false, receptions: 0 }"
255,331.791,1,0xcc1455b0,0xc323a602,1791196630.16131,Synchronized,154,RxWindow,"RxWindow { id: JobId(102), opened: false, scan: false, predicted: false, receptions: 0 }"
256,331.791,1,0xcc1455b0,0xc323a602,1791196630.161398,Synchronized,154,RxWindow,"RxWindow { id: JobId(103), opened: true, scan: false, predicted: false, receptions: 0 }"
257,333.682,1,0xcc1455b0,0xc323a602,1791196632.052187,Synchronized,154,NeighbourChanged,"NeighbourChanged { node: NodeId(941614212), boot: BootId(1503990173), discovered: false, boot_changed: false, base_station: false, count: 1 }"
258,333.682,1,0xcc1455b0,0xc323a602,1791196632.052223,Synchronized,154,Rx,"Rx { frame_type: Presence, source: NodeId(941614212), source_boot: BootId(1503990173), sequence: Sequence(16), epoch: Some(Epoch(29853277)), expected_slot: Some(13), class: Outside, rssi_dbm_x2: -90, snr_db_x4: Some(64), valid: true }"
259,333.682,1,0xcc1455b0,0xc323a602,1791196632.052273,Synchronized,154,RxWindow,"RxWindow { id: JobId(104), opened: true, scan: false, predicted: false, receptions: 1 }"
260,335.082,1,0xcc1455b0,0xc323a602,1791196633.452738,Synchronized,154,LocationStatus,"LocationStatus { valid: true, latitude_e7: 519302883, longitude_e7: -12484016, fixes_seen: 660, fixes_used: 9, satellites: Some(8), hdop_centi: Some(148), uncertainty_meters: Some(7) }"
261,336.901,1,0xcc1455b0,0xc323a602,1791196635.27153,Synchronized,154,RxWindow,"RxWindow { id: JobId(104), opened: false, scan: false, predicted: false, receptions: 1 }"
262,336.901,1,0xcc1455b0,0xc323a602,1791196635.27162,Synchronized,154,RxWindow,"RxWindow { id: JobId(105), opened: true, scan: false, predicted: false, receptions: 0 }"
263,342.011,1,0xcc1455b0,0xc323a602,1791196640.381753,Synchronized,153,RxWindow,"RxWindow { id: JobId(105), opened: false, scan: false, predicted: false, receptions: 0 }"
264,342.011,1,0xcc1455b0,0xc323a602,1791196640.381839,Synchronized,153,RxWindow,"RxWindow { id: JobId(106), opened: true, scan: false, predicted: false, receptions: 0 }"
265,347.122,1,0xcc1455b0,0xc323a602,1791196645.491976,Synchronized,152,RxWindow,"RxWindow { id: JobId(106), opened: false, scan: false, predicted: false, receptions: 0 }"
266,347.122,1,0xcc1455b0,0xc323a602,1791196645.492063,Synchronized,152,RxWindow,"RxWindow { id: JobId(107), opened: true, scan: false, predicted: false, receptions: 0 }"
267,347.53,1,0xcc1455b0,0xc323a602,1791196645.900222,Synchronized,152,RxWindow,"RxWindow { id: JobId(107), opened: false, scan: false, predicted: false, receptions: 0 }"
268,347.53,1,0xcc1455b0,0xc323a602,1791196645.900313,Synchronized,152,RxWindow,"RxWindow { id: JobId(108), opened: true, scan: false, predicted: false, receptions: 0 }"
269,347.701,1,0xcc1455b0,0xc323a602,1791196646.071488,Synchronized,152,TxCompleted,"TxCompleted { id: JobId(95), epoch: Epoch(29853277), purpose: Heartbeat, slot: 26, sequence: Sequence(11) }"
270,347.701,1,0xcc1455b0,0xc323a602,1791196646.071547,Synchronized,152,RadioFailure,"RadioFailure { id: JobId(108), error: Schedule(MissedSlot) }"
271,347.701,1,0xcc1455b0,0xc323a602,1791196646.071636,Synchronized,152,RxWindow,"RxWindow { id: JobId(109), opened: true, scan: false, predicted: false, receptions: 0 }"
272,352.811,1,0xcc1455b0,0xc323a602,1791196651.181765,Synchronized,152,RxWindow,"RxWindow { id: JobId(109), opened: false, scan: false, predicted: false, receptions: 0 }"
273,352.811,1,0xcc1455b0,0xc323a602,1791196651.181854,Synchronized,152,RxWindow,"RxWindow { id: JobId(110), opened: true, scan: false, predicted: false, receptions: 0 }"
274,357.921,1,0xcc1455b0,0xc323a602,1791196656.291985,Synchronized,151,RxWindow,"RxWindow { id: JobId(110), opened: false, scan: false, predicted: false, receptions: 0 }"
275,357.921,1,0xcc1455b0,0xc323a602,1791196656.292077,Synchronized,151,RxWindow,"RxWindow { id: JobId(111), opened: true, scan: false, predicted: false, receptions: 0 }"
276,358.702,1,0xcc1455b0,0xc323a602,1791196657.072765,Synchronized,151,Rx,"Rx { frame_type: Heartbeat, source: NodeId(941614212), source_boot: BootId(1503990173), sequence: Sequence(17), epoch: Some(Epoch(29853277)), expected_slot: Some(38), class: Outside, rssi_dbm_x2: -90, snr_db_x4: Some(61), valid: true }"
277,358.702,1,0xcc1455b0,0xc323a602,1791196657.072815,Synchronized,151,RxWindow,"RxWindow { id: JobId(112), opened: true, scan: false, predicted: false, receptions: 1 }"
278,361.629,1,0xcc1455b0,0xc323a602,1791196659.999979,Synchronized,151,NeighbourTable,"NeighbourTable { epoch: Epoch(29853277), count: 1 }"
279,361.629,2,0xcc1455b0,0xc323a602,1791196660.000014,Synchronized,151,NeighbourEntry,"NeighbourEntry { epoch: Epoch(29853277), index: 0, node: NodeId(941614212), boot: BootId(1503990173), base_station: false, schedule_version: 2, last_seen_utc: UtcTimestamp { seconds: 1791196657, microseconds: 71716 }, location: Some(CompactLocation { latitude_e7: 519302816, longitude_e7: -12484150 }), location_uncertainty_meters: None, rssi_dbm_x2: Some(-90), snr_db_x4: Some(61), received_packets: 11, failed_packets: 0 }"
280,361.629,2,0xcc1455b0,0xc323a602,1791196660.000049,Synchronized,151,Summary,"Summary { epoch: Epoch(29853277), mode: Receiving, radio: RadioServiceStats { frames_tx: 12, frames_rx: 11, heartbeat_tx: 6, presence_tx: 6, presence_rx: 5, malformed_frames: 0, unsupported_frames: 0, schedule_misses: 11, scheduler_conflicts: 0, queue_drops: 0, neighbour_count: 1, radio_errors: 0 }, heartbeat_rx: 6, unknown_heartbeat_rx: 0, predicted_rx: 0, predicted_misses: 0, scan_rx: 0, outside_rx: 11, unverifiable_rx: 0, application_malformed: 0, diagnostic_drops: 0, logging_drops: 0, logging_truncations: 0 }"
281,361.63,1,0xcc1455b0,0xc323a602,1791196660.000257,Synchronized,151,TxSubmitted,"TxSubmitted { id: JobId(113), epoch: Epoch(29853278), purpose: Presence, slot: 10, sequence: Sequence(12) }"
282,361.63,1,0xcc1455b0,0xc323a602,1791196660.000366,Synchronized,151,TxSubmitted,"TxSubmitted { id: JobId(114), epoch: Epoch(29853278), purpose: Heartbeat, slot: 21, sequence: Sequence(13) }"
283,361.63,1,0xcc1455b0,0xc323a602,1791196660.000438,Synchronized,151,EpochScheduled,"EpochScheduled { epoch: Epoch(29853278), scan: true, presence_slot: 10, heartbeat_slot: 21, receive_windows: 1 }"
284,363.032,1,0xcc1455b0,0xc323a602,1791196661.402279,Synchronized,150,RxWindow,"RxWindow { id: JobId(112), opened: false, scan: false, predicted: false, receptions: 1 }"
285,363.032,1,0xcc1455b0,0xc323a602,1791196661.402366,Synchronized,150,RxWindow,"RxWindow { id: JobId(115), opened: true, scan: false, predicted: false, receptions: 0 }"
286,365.102,1,0xcc1455b0,0xc323a602,1791196663.472651,Synchronized,150,LocationStatus,"LocationStatus { valid: true, latitude_e7: 519302900, longitude_e7: -12484266, fixes_seen: 720, fixes_used: 9, satellites: Some(9), hdop_centi: Some(124), uncertainty_meters: Some(6) }"
287,365.991,1,0xcc1455b0,0xc323a602,1791196664.361846,Synchronized,150,TimeCalibration,"TimeCalibration { status: Synchronized, source: GpsPps, uncertainty_us: 150, accepted_anchors: 360, rejected_anchors: 0, calibration_samples: 6, calibration_locked: false, calibrated_error_ppb: 10839 }"
288,368.142,1,0xcc1455b0,0xc323a602,1791196666.5125,Synchronized,150,RxWindow,"RxWindow { id: JobId(115), opened: false, scan: false, predicted: false, receptions: 0 }"
289,368.142,1,0xcc1455b0,0xc323a602,1791196666.512587,Synchronized,150,RxWindow,"RxWindow { id: JobId(116), opened: true, scan: false, predicted: false, receptions: 0 }"
290,372.967,1,0xcc1455b0,0xc323a602,1791196671.337283,Synchronized,149,TimeCalibration,"TimeCalibration { status: Synchronized, source: GpsPps, uncertainty_us: 149, accepted_anchors: 367, rejected_anchors: 0, calibration_samples: 7, calibration_locked: false, calibrated_error_ppb: 10844 }"
291,373.252,1,0xcc1455b0,0xc323a602,1791196671.622722,Synchronized,149,RxWindow,"RxWindow { id: JobId(116), opened: false, scan: false, predicted: false, receptions: 0 }"
292,373.252,1,0xcc1455b0,0xc323a602,1791196671.62281,Synchronized,149,RxWindow,"RxWindow { id: JobId(117), opened: true, scan: false, predicted: false, receptions: 0 }"
293,378.362,1,0xcc1455b0,0xc323a602,1791196676.732944,Synchronized,148,RxWindow,"RxWindow { id: JobId(117), opened: false, scan: false, predicted: false, receptions: 0 }"
294,378.362,1,0xcc1455b0,0xc323a602,1791196676.733032,Synchronized,148,RxWindow,"RxWindow { id: JobId(118), opened: true, scan: false, predicted: false, receptions: 0 }"
295,383.472,1,0xcc1455b0,0xc323a602,1791196681.843166,Synchronized,148,RxWindow,"RxWindow { id: JobId(118), opened: false, scan: false, predicted: false, receptions: 0 }"
296,383.472,1,0xcc1455b0,0xc323a602,1791196681.843254,Synchronized,148,RxWindow,"RxWindow { id: JobId(119), opened: true, scan: false, predicted: false, receptions: 0 }"
297,388.582,1,0xcc1455b0,0xc323a602,1791196686.953389,Synchronized,147,RxWindow,"RxWindow { id: JobId(119), opened: false, scan: false, predicted: false, receptions: 0 }"
298,388.583,1,0xcc1455b0,0xc323a602,1791196686.953477,Synchronized,147,RxWindow,"RxWindow { id: JobId(120), opened: true, scan: false, predicted: false, receptions: 0 }"
299,391.529,1,0xcc1455b0,0xc323a602,1791196689.900245,Synchronized,147,RxWindow,"RxWindow { id: JobId(120), opened: false, scan: false, predicted: false, receptions: 0 }"
300,391.529,1,0xcc1455b0,0xc323a602,1791196689.900333,Synchronized,147,RxWindow,"RxWindow { id: JobId(121), opened: true, scan: false, predicted: false, receptions: 0 }"
301,391.68,1,0xcc1455b0,0xc323a602,1791196690.05103,Synchronized,147,TxCompleted,"TxCompleted { id: JobId(113), epoch: Epoch(29853278), purpose: Presence, slot: 10, sequence: Sequence(12) }"
302,391.68,1,0xcc1455b0,0xc323a602,1791196690.051089,Synchronized,147,RadioFailure,"RadioFailure { id: JobId(121), error: Schedule(MissedSlot) }"
303,391.68,1,0xcc1455b0,0xc323a602,1791196690.051177,Synchronized,147,RxWindow,"RxWindow { id: JobId(122), opened: true, scan: false, predicted: false, receptions: 0 }"
304,395.1,1,0xcc1455b0,0xc323a602,1791196693.470762,Synchronized,146,LocationStatus,"LocationStatus { valid: true, latitude_e7: 519303166, longitude_e7: -12483433, fixes_seen: 780, fixes_used: 9, satellites: Some(7), hdop_centi: Some(154), uncertainty_meters: Some(7) }"
305,396.79,1,0xcc1455b0,0xc323a602,1791196695.161309,Synchronized,146,RxWindow,"RxWindow { id: JobId(122), opened: false, scan: false, predicted: false, receptions: 0 }"
306,396.79,1,0xcc1455b0,0xc323a602,1791196695.161398,Synchronized,146,RxWindow,"RxWindow { id: JobId(123), opened: true, scan: false, predicted: false, receptions: 0 }"
307,398.681,1,0xcc1455b0,0xc323a602,1791196697.052152,Synchronized,146,NeighbourChanged,"NeighbourChanged { node: NodeId(941614212), boot: BootId(1503990173), discovered: false, boot_changed: false, base_station: false, count: 1 }"
308,398.681,1,0xcc1455b0,0xc323a602,1791196697.052187,Synchronized,146,Rx,"Rx { frame_type: Presence, source: NodeId(941614212), source_boot: BootId(1503990173), sequence: Sequence(18), epoch: Some(Epoch(29853278)), expected_slot: Some(18), class: Outside, rssi_dbm_x2: -88, snr_db_x4: Some(60), valid: true }"
309,398.681,1,0xcc1455b0,0xc323a602,1791196697.052237,Synchronized,146,RxWindow,"RxWindow { id: JobId(124), opened: true, scan: false, predicted: false, receptions: 1 }"
310,401.9,1,0xcc1455b0,0xc323a602,1791196700.27153,Synchronized,146,RxWindow,"RxWindow { id: JobId(124), opened: false, scan: false, predicted: false, receptions: 1 }"
311,401.901,1,0xcc1455b0,0xc323a602,1791196700.27162,Synchronized,146,RxWindow,"RxWindow { id: JobId(125), opened: true, scan: false, predicted: false, receptions: 0 }"
312,402.529,1,0xcc1455b0,0xc323a602,1791196700.900231,Synchronized,146,RxWindow,"RxWindow { id: JobId(125), opened: false, scan: false, predicted: false, receptions: 0 }"
313,402.529,1,0xcc1455b0,0xc323a602,1791196700.900319,Synchronized,146,RxWindow,"RxWindow { id: JobId(126), opened: true, scan: false, predicted: false, receptions: 0 }"
314,402.7,1,0xcc1455b0,0xc323a602,1791196701.071497,Synchronized,146,TxCompleted,"TxCompleted { id: JobId(114), epoch: Epoch(29853278), purpose: Heartbeat, slot: 21, sequence: Sequence(13) }"
315,402.7,1,0xcc1455b0,0xc323a602,1791196701.071556,Synchronized,146,RadioFailure,"RadioFailure { id: JobId(126), error: Schedule(MissedSlot) }"
316,402.701,1,0xcc1455b0,0xc323a602,1791196701.071645,Synchronized,146,RxWindow,"RxWindow { id: JobId(127), opened: true, scan: false, predicted: false, receptions: 0 }"
317,407.811,1,0xcc1455b0,0xc323a602,1791196706.181774,Synchronized,145,RxWindow,"RxWindow { id: JobId(127), opened: false, scan: false, predicted: false, receptions: 0 }"
318,407.811,1,0xcc1455b0,0xc323a602,1791196706.181863,Synchronized,145,RxWindow,"RxWindow { id: JobId(128), opened: true, scan: false, predicted: false, receptions: 0 }"
319,412.921,1,0xcc1455b0,0xc323a602,1791196711.291993,Synchronized,144,RxWindow,"RxWindow { id: JobId(128), opened: false, scan: false, predicted: false, receptions: 0 }"
320,412.921,1,0xcc1455b0,0xc323a602,1791196711.292082,Synchronized,144,RxWindow,"RxWindow { id: JobId(129), opened: true, scan: false, predicted: false, receptions: 0 }"
321,413.702,1,0xcc1455b0,0xc323a602,1791196712.072819,Synchronized,144,Rx,"Rx { frame_type: Heartbeat, source: NodeId(941614212), source_boot: BootId(1503990173), sequence: Sequence(19), epoch: Some(Epoch(29853278)), expected_slot: Some(33), class: Outside, rssi_dbm_x2: -90, snr_db_x4: Some(61), valid: true }"
322,413.702,1,0xcc1455b0,0xc323a602,1791196712.072869,Synchronized,144,RxWindow,"RxWindow { id: JobId(130), opened: true, scan: false, predicted: false, receptions: 1 }"
323,418.031,1,0xcc1455b0,0xc323a602,1791196716.402212,Synchronized,144,RxWindow,"RxWindow { id: JobId(130), opened: false, scan: false, predicted: false, receptions: 1 }"
324,418.031,1,0xcc1455b0,0xc323a602,1791196716.402303,Synchronized,144,RxWindow,"RxWindow { id: JobId(131), opened: true, scan: false, predicted: false, receptions: 0 }"
325,421.629,1,0xcc1455b0,0xc323a602,1791196719.999979,Synchronized,143,NeighbourTable,"NeighbourTable { epoch: Epoch(29853278), count: 1 }"
326,421.629,2,0xcc1455b0,0xc323a602,1791196720.000013,Synchronized,143,NeighbourEntry,"NeighbourEntry { epoch: Epoch(29853278), index: 0, node: NodeId(941614212), boot: BootId(1503990173), base_station: false, schedule_version: 2, last_seen_utc: UtcTimestamp { seconds: 1791196712, microseconds: 71763 }, location: Some(CompactLocation { latitude_e7: 519302816, longitude_e7: -12484150 }), location_uncertainty_meters: None, rssi_dbm_x2: Some(-90), snr_db_x4: Some(61), received_packets: 13, failed_packets: 0 }"
327,421.629,2,0xcc1455b0,0xc323a602,1791196720.000049,Synchronized,143,Summary,"Summary { epoch: Epoch(29853278), mode: Receiving, radio: RadioServiceStats { frames_tx: 14, frames_rx: 13, heartbeat_tx: 7, presence_tx: 7, presence_rx: 6, malformed_frames: 0, unsupported_frames: 0, schedule_misses: 13, scheduler_conflicts: 0, queue_drops: 0, neighbour_count: 1, radio_errors: 0 }, heartbeat_rx: 7, unknown_heartbeat_rx: 0, predicted_rx: 0, predicted_misses: 0, scan_rx: 0, outside_rx: 13, unverifiable_rx: 0, application_malformed: 0, diagnostic_drops: 0, logging_drops: 0, logging_truncations: 0 }"
328,421.629,1,0xcc1455b0,0xc323a602,1791196720.000257,Synchronized,143,TxSubmitted,"TxSubmitted { id: JobId(132), epoch: Epoch(29853279), purpose: Presence, slot: 15, sequence: Sequence(14) }"
329,421.629,1,0xcc1455b0,0xc323a602,1791196720.000366,Synchronized,143,TxSubmitted,"TxSubmitted { id: JobId(133), epoch: Epoch(29853279), purpose: Heartbeat, slot: 36, sequence: Sequence(15) }"
330,421.629,1,0xcc1455b0,0xc323a602,1791196720.000437,Synchronized,143,EpochScheduled,"EpochScheduled { epoch: Epoch(29853279), scan: true, presence_slot: 15, heartbeat_slot: 36, receive_windows: 1 }"
331,423.141,1,0xcc1455b0,0xc323a602,1791196721.512503,Synchronized,143,RxWindow,"RxWindow { id: JobId(131), opened: false, scan: false, predicted: false, receptions: 0 }"
332,423.141,1,0xcc1455b0,0xc323a602,1791196721.512591,Synchronized,143,RxWindow,"RxWindow { id: JobId(134), opened: true, scan: false, predicted: false, receptions: 0 }"
333,425.072,1,0xcc1455b0,0xc323a602,1791196723.443593,Synchronized,143,LocationStatus,"LocationStatus { valid: true, latitude_e7: 519302983, longitude_e7: -12483900, fixes_seen: 840, fixes_used: 9, satellites: Some(8), hdop_centi: Some(147), uncertainty_meters: Some(7) }"
334,425.966,1,0xcc1455b0,0xc323a602,1791196724.337463,Synchronized,142,TimeCalibration,"TimeCalibration { status: Synchronized, source: GpsPps, uncertainty_us: 142, accepted_anchors: 420, rejected_anchors: 0, calibration_samples: 7, calibration_locked: false, calibrated_error_ppb: 10844 }"
335,428.251,1,0xcc1455b0,0xc323a602,1791196726.622725,Synchronized,142,RxWindow,"RxWindow { id: JobId(134), opened: false, scan: false, predicted: false, receptions: 0 }"
336,428.251,1,0xcc1455b0,0xc323a602,1791196726.622813,Synchronized,142,RxWindow,"RxWindow { id: JobId(135), opened: true, scan: false, predicted: false, receptions: 0 }"
337,433.362,1,0xcc1455b0,0xc323a602,1791196731.732947,Synchronized,142,RxWindow,"RxWindow { id: JobId(135), opened: false, scan: false, predicted: false, receptions: 0 }"
338,433.362,1,0xcc1455b0,0xc323a602,1791196731.733035,Synchronized,142,RxWindow,"RxWindow { id: JobId(136), opened: true, scan: false, predicted: false, receptions: 0 }"
339,433.957,1,0xcc1455b0,0xc323a602,1791196732.328421,Synchronized,141,TimeCalibration,"TimeCalibration { status: Synchronized, source: GpsPps, uncertainty_us: 141, accepted_anchors: 428, rejected_anchors: 0, calibration_samples: 8, calibration_locked: false, calibrated_error_ppb: 10848 }"
340,438.472,1,0xcc1455b0,0xc323a602,1791196736.843169,Synchronized,141,RxWindow,"RxWindow { id: JobId(136), opened: false, scan: false, predicted: false, receptions: 0 }"
341,438.472,1,0xcc1455b0,0xc323a602,1791196736.843257,Synchronized,141,RxWindow,"RxWindow { id: JobId(137), opened: true, scan: false, predicted: false, receptions: 0 }"
342,443.582,1,0xcc1455b0,0xc323a602,1791196741.953391,Synchronized,140,RxWindow,"RxWindow { id: JobId(137), opened: false, scan: false, predicted: false, receptions: 0 }"
343,443.582,1,0xcc1455b0,0xc323a602,1791196741.953479,Synchronized,140,RxWindow,"RxWindow { id: JobId(138), opened: true, scan: false, predicted: false, receptions: 0 }"
344,448.692,1,0xcc1455b0,0xc323a602,1791196747.063614,Synchronized,140,RxWindow,"RxWindow { id: JobId(138), opened: false, scan: false, predicted: false, receptions: 0 }"
345,448.692,1,0xcc1455b0,0xc323a602,1791196747.063702,Synchronized,140,RxWindow,"RxWindow { id: JobId(139), opened: true, scan: false, predicted: false, receptions: 0 }"
346,453.802,1,0xcc1455b0,0xc323a602,1791196752.173836,Synchronized,139,RxWindow,"RxWindow { id: JobId(139), opened: false, scan: false, predicted: false, receptions: 0 }"
347,453.802,1,0xcc1455b0,0xc323a602,1791196752.173925,Synchronized,139,RxWindow,"RxWindow { id: JobId(140), opened: true, scan: false, predicted: false, receptions: 0 }"
348,455.067,1,0xcc1455b0,0xc323a602,1791196753.438169,Synchronized,139,LocationStatus,"LocationStatus { valid: true, latitude_e7: 519303133, longitude_e7: -12483516, fixes_seen: 900, fixes_used: 9, satellites: Some(7), hdop_centi: Some(154), uncertainty_meters: Some(7) }"
349,456.529,1,0xcc1455b0,0xc323a602,1791196754.900246,Synchronized,139,RxWindow,"RxWindow { id: JobId(140), opened: false, scan: false, predicted: false, receptions: 0 }"
350,456.529,1,0xcc1455b0,0xc323a602,1791196754.900334,Synchronized,139,RxWindow,"RxWindow { id: JobId(141), opened: true, scan: false, predicted: false, receptions: 0 }"
351,456.679,1,0xcc1455b0,0xc323a602,1791196755.05103,Synchronized,139,TxCompleted,"TxCompleted { id: JobId(132), epoch: Epoch(29853279), purpose: Presence, slot: 15, sequence: Sequence(14) }"
352,456.679,1,0xcc1455b0,0xc323a602,1791196755.05109,Synchronized,139,RadioFailure,"RadioFailure { id: JobId(141), error: Schedule(MissedSlot) }"
353,456.68,1,0xcc1455b0,0xc323a602,1791196755.051178,Synchronized,139,RxWindow,"RxWindow { id: JobId(142), opened: true, scan: false, predicted: false, receptions: 0 }"
354,461.79,1,0xcc1455b0,0xc323a602,1791196760.161311,Synchronized,138,RxWindow,"RxWindow { id: JobId(142), opened: false, scan: false, predicted: false, receptions: 0 }"
355,461.79,1,0xcc1455b0,0xc323a602,1791196760.161399,Synchronized,138,RxWindow,"RxWindow { id: JobId(143), opened: true, scan: false, predicted: false, receptions: 0 }"
356,466.9,1,0xcc1455b0,0xc323a602,1791196765.271532,Synchronized,137,RxWindow,"RxWindow { id: JobId(143), opened: false, scan: false, predicted: false, receptions: 0 }"
357,466.9,1,0xcc1455b0,0xc323a602,1791196765.271621,Synchronized,137,RxWindow,"RxWindow { id: JobId(144), opened: true, scan: false, predicted: false, receptions: 0 }"
358,468.701,1,0xcc1455b0,0xc323a602,1791196767.072785,Synchronized,137,Rx,"Rx { frame_type: Heartbeat, source: NodeId(941614212), source_boot: BootId(1503990173), sequence: Sequence(21), epoch: Some(Epoch(29853279)), expected_slot: Some(28), class: Outside, rssi_dbm_x2: -92, snr_db_x4: Some(62), valid: true }"
359,468.701,1,0xcc1455b0,0xc323a602,1791196767.072835,Synchronized,137,RxWindow,"RxWindow { id: JobId(145), opened: true, scan: false, predicted: false, receptions: 1 }"
360,471.049,1,0xcc1455b0,0xc323a602,1791196769.420436,Synchronized,137,PacketRejected,PacketRejected { id: JobId(145) }
361,471.049,1,0xcc1455b0,0xc323a602,1791196769.420485,Synchronized,137,RxWindow,"RxWindow { id: JobId(146), opened: true, scan: false, predicted: false, receptions: 1 }"
362,471.926,1,0xcc1455b0,0xc323a602,1791196770.297974,Synchronized,137,RadioFailure,"RadioFailure { id: JobId(146), error: Frame(UnsupportedVersion(0)) }"
363,471.926,1,0xcc1455b0,0xc323a602,1791196770.298063,Synchronized,137,RxWindow,"RxWindow { id: JobId(147), opened: true, scan: false, predicted: false, receptions: 0 }"
364,477.036,1,0xcc1455b0,0xc323a602,1791196775.408201,Synchronized,136,RxWindow,"RxWindow { id: JobId(147), opened: false, scan: false, predicted: false, receptions: 0 }"
365,477.036,1,0xcc1455b0,0xc323a602,1791196775.408288,Synchronized,136,RxWindow,"RxWindow { id: JobId(148), opened: true, scan: false, predicted: false, receptions: 0 }"
366,477.528,1,0xcc1455b0,0xc323a602,1791196775.900228,Synchronized,136,RxWindow,"RxWindow { id: JobId(148), opened: false, scan: false, predicted: false, receptions: 0 }"
367,477.528,1,0xcc1455b0,0xc323a602,1791196775.900319,Synchronized,136,RxWindow,"RxWindow { id: JobId(149), opened: true, scan: false, predicted: false, receptions: 0 }"
368,477.7,1,0xcc1455b0,0xc323a602,1791196776.071502,Synchronized,136,TxCompleted,"TxCompleted { id: JobId(133), epoch: Epoch(29853279), purpose: Heartbeat, slot: 36, sequence: Sequence(15) }"
369,477.7,1,0xcc1455b0,0xc323a602,1791196776.071562,Synchronized,136,RadioFailure,"RadioFailure { id: JobId(149), error: Schedule(MissedSlot) }"
370,477.7,1,0xcc1455b0,0xc323a602,1791196776.07165,Synchronized,136,RxWindow,"RxWindow { id: JobId(150), opened: true, scan: false, predicted: false, receptions: 0 }"
371,481.628,1,0xcc1455b0,0xc323a602,1791196779.999994,Synchronized,136,NeighbourTable,"NeighbourTable { epoch: Epoch(29853279), count: 1 }"
372,481.628,2,0xcc1455b0,0xc323a602,1791196780.000029,Synchronized,136,NeighbourEntry,"NeighbourEntry { epoch: Epoch(29853279), index: 0, node: NodeId(941614212), boot: BootId(1503990173), base_station: false, schedule_version: 2, last_seen_utc: UtcTimestamp { seconds: 1791196767, microseconds: 71733 }, location: Some(CompactLocation { latitude_e7: 519302816, longitude_e7: -12484150 }), location_uncertainty_meters: None, rssi_dbm_x2: Some(-92), snr_db_x4: Some(62), received_packets: 14, failed_packets: 0 }"
373,481.628,2,0xcc1455b0,0xc323a602,1791196780.000064,Synchronized,136,Summary,"Summary { epoch: Epoch(29853279), mode: Receiving, radio: RadioServiceStats { frames_tx: 16, frames_rx: 14, heartbeat_tx: 8, presence_tx: 8, presence_rx: 6, malformed_frames: 0, unsupported_frames: 1, schedule_misses: 15, scheduler_conflicts: 0, queue_drops: 0, neighbour_count: 1, radio_errors: 0 }, heartbeat_rx: 8, unknown_heartbeat_rx: 0, predicted_rx: 0, predicted_misses: 0, scan_rx: 0, outside_rx: 14, unverifiable_rx: 0, application_malformed: 0, diagnostic_drops: 0, logging_drops: 0, logging_truncations: 0 }"
374,481.628,1,0xcc1455b0,0xc323a602,1791196780.000272,Synchronized,136,TxSubmitted,"TxSubmitted { id: JobId(151), epoch: Epoch(29853280), purpose: Presence, slot: 0, sequence: Sequence(16) }"
375,481.628,1,0xcc1455b0,0xc323a602,1791196780.000381,Synchronized,136,TxSubmitted,"TxSubmitted { id: JobId(152), epoch: Epoch(29853280), purpose: Heartbeat, slot: 31, sequence: Sequence(17) }"
376,481.629,1,0xcc1455b0,0xc323a602,1791196780.000452,Synchronized,136,EpochScheduled,"EpochScheduled { epoch: Epoch(29853280), scan: true, presence_slot: 0, heartbeat_slot: 31, receive_windows: 1 }"
377,482.81,1,0xcc1455b0,0xc323a602,1791196781.181854,Synchronized,135,RxWindow,"RxWindow { id: JobId(150), opened: false, scan: false, predicted: false, receptions: 0 }"
378,482.81,1,0xcc1455b0,0xc323a602,1791196781.181944,Synchronized,135,RxWindow,"RxWindow { id: JobId(153), opened: true, scan: false, predicted: false, receptions: 0 }"
379,485.08,1,0xcc1455b0,0xc323a602,1791196783.451986,Synchronized,135,LocationStatus,"LocationStatus { valid: true, latitude_e7: 519303800, longitude_e7: -12483900, fixes_seen: 960, fixes_used: 9, satellites: Some(7), hdop_centi: Some(146), uncertainty_meters: Some(7) }"
380,485.987,1,0xcc1455b0,0xc323a602,1791196784.359174,Synchronized,135,TimeCalibration,"TimeCalibration { status: Synchronized, source: GpsPps, uncertainty_us: 135, accepted_anchors: 480, rejected_anchors: 0, calibration_samples: 8, calibration_locked: false, calibrated_error_ppb: 10848 }"
381,487.92,1,0xcc1455b0,0xc323a602,1791196786.292077,Synchronized,135,RxWindow,"RxWindow { id: JobId(153), opened: false, scan: false, predicted: false, receptions: 0 }"
382,487.92,1,0xcc1455b0,0xc323a602,1791196786.292167,Synchronized,135,RxWindow,"RxWindow { id: JobId(154), opened: true, scan: false, predicted: false, receptions: 0 }"
383,493.03,1,0xcc1455b0,0xc323a602,1791196791.4023,Synchronized,134,RxWindow,"RxWindow { id: JobId(154), opened: false, scan: false, predicted: false, receptions: 0 }"
384,493.03,1,0xcc1455b0,0xc323a602,1791196791.402386,Synchronized,134,RxWindow,"RxWindow { id: JobId(155), opened: true, scan: false, predicted: false, receptions: 0 }"
385,494.985,1,0xcc1455b0,0xc323a602,1791196793.357348,Synchronized,134,TimeCalibration,"TimeCalibration { status: Synchronized, source: GpsPps, uncertainty_us: 134, accepted_anchors: 489, rejected_anchors: 0, calibration_samples: 9, calibration_locked: false, calibrated_error_ppb: 10852 }"
386,498.14,1,0xcc1455b0,0xc323a602,1791196796.512521,Synchronized,134,RxWindow,"RxWindow { id: JobId(155), opened: false, scan: false, predicted: false, receptions: 0 }"
387,498.14,1,0xcc1455b0,0xc323a602,1791196796.512608,Synchronized,134,RxWindow,"RxWindow { id: JobId(156), opened: true, scan: false, predicted: false, receptions: 0 }"
388,501.528,1,0xcc1455b0,0xc323a602,1791196799.900256,Synchronized,133,RxWindow,"RxWindow { id: JobId(156), opened: false, scan: false, predicted: false, receptions: 0 }"
389,501.528,1,0xcc1455b0,0xc323a602,1791196799.900344,Synchronized,133,RxWindow,"RxWindow { id: JobId(157), opened: true, scan: false, predicted: false, receptions: 0 }"
390,501.679,1,0xcc1455b0,0xc323a602,1791196800.05104,Synchronized,133,TxCompleted,"TxCompleted { id: JobId(151), epoch: Epoch(29853280), purpose: Presence, slot: 0, sequence: Sequence(16) }"
391,501.679,1,0xcc1455b0,0xc323a602,1791196800.051099,Synchronized,133,RadioFailure,"RadioFailure { id: JobId(157), error: Schedule(MissedSlot) }"
392,501.679,1,0xcc1455b0,0xc323a602,1791196800.051187,Synchronized,133,RxWindow,"RxWindow { id: JobId(158), opened: true, scan: false, predicted: false, receptions: 0 }"
393,506.789,1,0xcc1455b0,0xc323a602,1791196805.161321,Synchronized,133,RxWindow,"RxWindow { id: JobId(158), opened: false, scan: false, predicted: false, receptions: 0 }"
394,506.789,1,0xcc1455b0,0xc323a602,1791196805.161409,Synchronized,133,RxWindow,"RxWindow { id: JobId(159), opened: true, scan: false, predicted: false, receptions: 0 }"
395,508.68,1,0xcc1455b0,0xc323a602,1791196807.052197,Synchronized,132,NeighbourChanged,"NeighbourChanged { node: NodeId(941614212), boot: BootId(1503990173), discovered: false, boot_changed: false, base_station: false, count: 1 }"
396,508.68,1,0xcc1455b0,0xc323a602,1791196807.052233,Synchronized,132,Rx,"Rx { frame_type: Presence, source: NodeId(941614212), source_boot: BootId(1503990173), sequence: Sequence(22), epoch: Some(Epoch(29853280)), expected_slot: Some(8), class: Outside, rssi_dbm_x2: -94, snr_db_x4: Some(60), valid: true }"
397,508.68,1,0xcc1455b0,0xc323a602,1791196807.052283,Synchronized,132,RxWindow,"RxWindow { id: JobId(160), opened: true, scan: false, predicted: false, receptions: 1 }"
398,511.899,1,0xcc1455b0,0xc323a602,1791196810.271542,Synchronized,132,RxWindow,"RxWindow { id: JobId(160), opened: false, scan: false, predicted: false, receptions: 1 }"
399,511.899,1,0xcc1455b0,0xc323a602,1791196810.271631,Synchronized,132,RxWindow,"RxWindow { id: JobId(161), opened: true, scan: false, predicted: false, receptions: 0 }"
400,515.086,1,0xcc1455b0,0xc323a602,1791196813.45817,Synchronized,132,LocationStatus,"LocationStatus { valid: true, latitude_e7: 519302933, longitude_e7: -12483866, fixes_seen: 1020, fixes_used: 9, satellites: Some(8), hdop_centi: Some(127), uncertainty_meters: Some(6) }"
401,517.009,1,0xcc1455b0,0xc323a602,1791196815.381764,Synchronized,131,RxWindow,"RxWindow { id: JobId(161), opened: false, scan: false, predicted: false, receptions: 0 }"
402,517.01,1,0xcc1455b0,0xc323a602,1791196815.38185,Synchronized,131,RxWindow,"RxWindow { id: JobId(162), opened: true, scan: false, predicted: false, receptions: 0 }"
403,522.12,1,0xcc1455b0,0xc323a602,1791196820.491983,Synchronized,131,RxWindow,"RxWindow { id: JobId(162), opened: false, scan: false, predicted: false, receptions: 0 }"
404,522.12,1,0xcc1455b0,0xc323a602,1791196820.492073,Synchronized,131,RxWindow,"RxWindow { id: JobId(163), opened: true, scan: false, predicted: false, receptions: 0 }"
405,523.7,1,0xcc1455b0,0xc323a602,1791196822.072805,Synchronized,131,Rx,"Rx { frame_type: Heartbeat, source: NodeId(941614212), source_boot: BootId(1503990173), sequence: Sequence(23), epoch: Some(Epoch(29853280)), expected_slot: Some(23), class: Outside, rssi_dbm_x2: -94, snr_db_x4: Some(61), valid: true }"
406,523.7,1,0xcc1455b0,0xc323a602,1791196822.072855,Synchronized,131,RxWindow,"RxWindow { id: JobId(164), opened: true, scan: false, predicted: false, receptions: 1 }"
407,527.23,1,0xcc1455b0,0xc323a602,1791196825.602204,Synchronized,130,RxWindow,"RxWindow { id: JobId(164), opened: false, scan: false, predicted: false, receptions: 1 }"
408,527.23,1,0xcc1455b0,0xc323a602,1791196825.602292,Synchronized,130,RxWindow,"RxWindow { id: JobId(165), opened: true, scan: false, predicted: false, receptions: 0 }"
409,532.34,1,0xcc1455b0,0xc323a602,1791196830.712429,Synchronized,130,RxWindow,"RxWindow { id: JobId(165), opened: false, scan: false, predicted: false, receptions: 0 }"
410,532.699,1,0xcc1455b0,0xc323a602,1791196831.071489,Synchronized,130,TxCompleted,"TxCompleted { id: JobId(152), epoch: Epoch(29853280), purpose: Heartbeat, slot: 31, sequence: Sequence(17) }"
411,532.699,1,0xcc1455b0,0xc323a602,1791196831.071579,Synchronized,130,RxWindow,"RxWindow { id: JobId(166), opened: true, scan: false, predicted: false, receptions: 0 }"
412,537.809,1,0xcc1455b0,0xc323a602,1791196836.181708,Synchronized,129,RxWindow,"RxWindow { id: JobId(166), opened: false, scan: false, predicted: false, receptions: 0 }"
413,537.809,1,0xcc1455b0,0xc323a602,1791196836.181797,Synchronized,129,RxWindow,"RxWindow { id: JobId(167), opened: true, scan: false, predicted: false, receptions: 0 }"
414,541.627,1,0xcc1455b0,0xc323a602,1791196840.0,Synchronized,129,NeighbourTable,"NeighbourTable { epoch: Epoch(29853280), count: 1 }"
415,541.627,2,0xcc1455b0,0xc323a602,1791196840.000035,Synchronized,129,NeighbourEntry,"NeighbourEntry { epoch: Epoch(29853280), index: 0, node: NodeId(941614212), boot: BootId(1503990173), base_station: false, schedule_version: 2, last_seen_utc: UtcTimestamp { seconds: 1791196822, microseconds: 71753 }, location: Some(CompactLocation { latitude_e7: 519302350, longitude_e7: -12484166 }), location_uncertainty_meters: None, rssi_dbm_x2: Some(-94), snr_db_x4: Some(61), received_packets: 16, failed_packets: 0 }"
416,541.627,2,0xcc1455b0,0xc323a602,1791196840.000071,Synchronized,129,Summary,"Summary { epoch: Epoch(29853280), mode: Receiving, radio: RadioServiceStats { frames_tx: 18, frames_rx: 16, heartbeat_tx: 9, presence_tx: 9, presence_rx: 7, malformed_frames: 0, unsupported_frames: 1, schedule_misses: 16, scheduler_conflicts: 0, queue_drops: 0, neighbour_count: 1, radio_errors: 0 }, heartbeat_rx: 9, unknown_heartbeat_rx: 0, predicted_rx: 0, predicted_misses: 0, scan_rx: 0, outside_rx: 16, unverifiable_rx: 0, application_malformed: 0, diagnostic_drops: 0, logging_drops: 0, logging_truncations: 0 }"
417,541.628,1,0xcc1455b0,0xc323a602,1791196840.000279,Synchronized,129,TxSubmitted,"TxSubmitted { id: JobId(168), epoch: Epoch(29853281), purpose: Presence, slot: 5, sequence: Sequence(18) }"
418,541.628,1,0xcc1455b0,0xc323a602,1791196840.000388,Synchronized,129,TxSubmitted,"TxSubmitted { id: JobId(169), epoch: Epoch(29853281), purpose: Heartbeat, slot: 26, sequence: Sequence(19) }"
419,541.628,1,0xcc1455b0,0xc323a602,1791196840.000459,Synchronized,129,EpochScheduled,"EpochScheduled { epoch: Epoch(29853281), scan: true, presence_slot: 5, heartbeat_slot: 26, receive_windows: 1 }"
420,542.919,1,0xcc1455b0,0xc323a602,1791196841.292001,Synchronized,129,RxWindow,"RxWindow { id: JobId(167), opened: false, scan: false, predicted: false, receptions: 0 }"
421,542.919,1,0xcc1455b0,0xc323a602,1791196841.292091,Synchronized,129,RxWindow,"RxWindow { id: JobId(170), opened: true, scan: false, predicted: false, receptions: 0 }"
422,545.113,1,0xcc1455b0,0xc323a602,1791196843.485752,Synchronized,129,LocationStatus,"LocationStatus { valid: true, latitude_e7: 519302600, longitude_e7: -12484350, fixes_seen: 1080, fixes_used: 9, satellites: Some(9), hdop_centi: Some(121), uncertainty_meters: Some(6) }"
423,546.0,1,0xcc1455b0,0xc323a602,1791196844.37226,Synchronized,128,TimeCalibration,"TimeCalibration { status: Synchronized, source: GpsPps, uncertainty_us: 128, accepted_anchors: 540, rejected_anchors: 0, calibration_samples: 9, calibration_locked: false, calibrated_error_ppb: 10852 }"
424,548.03,1,0xcc1455b0,0xc323a602,1791196846.402224,Synchronized,128,RxWindow,"RxWindow { id: JobId(170), opened: false, scan: false, predicted: false, receptions: 0 }"
425,548.03,1,0xcc1455b0,0xc323a602,1791196846.402311,Synchronized,128,RxWindow,"RxWindow { id: JobId(171), opened: true, scan: false, predicted: false, receptions: 0 }"
426,553.14,1,0xcc1455b0,0xc323a602,1791196851.512445,Synchronized,128,RxWindow,"RxWindow { id: JobId(171), opened: false, scan: false, predicted: false, receptions: 0 }"
427,553.14,1,0xcc1455b0,0xc323a602,1791196851.512532,Synchronized,128,RxWindow,"RxWindow { id: JobId(172), opened: true, scan: false, predicted: false, receptions: 0 }"
428,555.989,1,0xcc1455b0,0xc323a602,1791196854.361448,Synchronized,127,TimeCalibration,"TimeCalibration { status: Synchronized, source: GpsPps, uncertainty_us: 127, accepted_anchors: 550, rejected_anchors: 0, calibration_samples: 10, calibration_locked: false, calibrated_error_ppb: 10856 }"
429,558.25,1,0xcc1455b0,0xc323a602,1791196856.622667,Synchronized,127,RxWindow,"RxWindow { id: JobId(172), opened: false, scan: false, predicted: false, receptions: 0 }"
430,558.25,1,0xcc1455b0,0xc323a602,1791196856.622755,Synchronized,127,RxWindow,"RxWindow { id: JobId(173), opened: true, scan: false, predicted: false, receptions: 0 }"
431,563.36,1,0xcc1455b0,0xc323a602,1791196861.732889,Synchronized,127,RxWindow,"RxWindow { id: JobId(173), opened: false, scan: false, predicted: false, receptions: 0 }"
432,563.36,1,0xcc1455b0,0xc323a602,1791196861.732977,Synchronized,127,RxWindow,"RxWindow { id: JobId(174), opened: true, scan: false, predicted: false, receptions: 0 }"
433,566.527,1,0xcc1455b0,0xc323a602,1791196864.900257,Synchronized,126,RxWindow,"RxWindow { id: JobId(174), opened: false, scan: false, predicted: false, receptions: 0 }"
434,566.527,1,0xcc1455b0,0xc323a602,1791196864.900345,Synchronized,126,RxWindow,"RxWindow { id: JobId(175), opened: true, scan: false, predicted: false, receptions: 0 }"
435,566.678,1,0xcc1455b0,0xc323a602,1791196865.051041,Synchronized,126,TxCompleted,"TxCompleted { id: JobId(168), epoch: Epoch(29853281), purpose: Presence, slot: 5, sequence: Sequence(18) }"
436,566.678,1,0xcc1455b0,0xc323a602,1791196865.0511,Synchronized,126,RadioFailure,"RadioFailure { id: JobId(175), error: Schedule(MissedSlot) }"
437,566.678,1,0xcc1455b0,0xc323a602,1791196865.051189,Synchronized,126,RxWindow,"RxWindow { id: JobId(176), opened: true, scan: false, predicted: false, receptions: 0 }"
438,571.788,1,0xcc1455b0,0xc323a602,1791196870.161323,Synchronized,126,RxWindow,"RxWindow { id: JobId(176), opened: false, scan: false, predicted: false, receptions: 0 }"
439,571.788,1,0xcc1455b0,0xc323a602,1791196870.161411,Synchronized,126,RxWindow,"RxWindow { id: JobId(177), opened: true, scan: false, predicted: false, receptions: 0 }"
440,573.679,1,0xcc1455b0,0xc323a602,1791196872.052194,Synchronized,126,NeighbourChanged,"NeighbourChanged { node: NodeId(941614212), boot: BootId(1503990173), discovered: false, boot_changed: false, base_station: false, count: 1 }"
441,573.679,1,0xcc1455b0,0xc323a602,1791196872.05223,Synchronized,126,Rx,"Rx { frame_type: Presence, source: NodeId(941614212), source_boot: BootId(1503990173), sequence: Sequence(24), epoch: Some(Epoch(29853281)), expected_slot: Some(13), class: Outside, rssi_dbm_x2: -98, snr_db_x4: Some(62), valid: true }"
442,573.679,1,0xcc1455b0,0xc323a602,1791196872.05228,Synchronized,126,RxWindow,"RxWindow { id: JobId(178), opened: true, scan: false, predicted: false, receptions: 1 }"
443,575.104,1,0xcc1455b0,0xc323a602,1791196873.476673,Synchronized,126,LocationStatus,"LocationStatus { valid: true, latitude_e7: 519302950, longitude_e7: -12484316, fixes_seen: 1140, fixes_used: 9, satellites: Some(9), hdop_centi: Some(121), uncertainty_meters: Some(6) }"
444,576.899,1,0xcc1455b0,0xc323a602,1791196875.271544,Synchronized,126,RxWindow,"RxWindow { id: JobId(178), opened: false, scan: false, predicted: false, receptions: 1 }"
445,576.899,1,0xcc1455b0,0xc323a602,1791196875.271633,Synchronized,126,RxWindow,"RxWindow { id: JobId(179), opened: true, scan: false, predicted: false, receptions: 0 }"
446,582.009,1,0xcc1455b0,0xc323a602,1791196880.381768,Synchronized,125,RxWindow,"RxWindow { id: JobId(179), opened: false, scan: false, predicted: false, receptions: 0 }"
447,582.009,1,0xcc1455b0,0xc323a602,1791196880.381855,Synchronized,125,RxWindow,"RxWindow { id: JobId(180), opened: true, scan: false, predicted: false, receptions: 0 }"
448,587.119,1,0xcc1455b0,0xc323a602,1791196885.491992,Synchronized,125,RxWindow,"RxWindow { id: JobId(180), opened: false, scan: false, predicted: false, receptions: 0 }"
449,587.119,1,0xcc1455b0,0xc323a602,1791196885.492079,Synchronized,125,RxWindow,"RxWindow { id: JobId(181), opened: true, scan: false, predicted: false, receptions: 0 }"
450,587.527,1,0xcc1455b0,0xc323a602,1791196885.900244,Synchronized,125,RxWindow,"RxWindow { id: JobId(181), opened: false, scan: false, predicted: false, receptions: 0 }"
451,587.527,1,0xcc1455b0,0xc323a602,1791196885.900332,Synchronized,125,RxWindow,"RxWindow { id: JobId(182), opened: true, scan: false, predicted: false, receptions: 0 }"
452,587.698,1,0xcc1455b0,0xc323a602,1791196886.071514,Synchronized,125,TxCompleted,"TxCompleted { id: JobId(169), epoch: Epoch(29853281), purpose: Heartbeat, slot: 26, sequence: Sequence(19) }"
453,587.698,1,0xcc1455b0,0xc323a602,1791196886.071573,Synchronized,125,RadioFailure,"RadioFailure { id: JobId(182), error: Schedule(MissedSlot) }"
454,587.699,1,0xcc1455b0,0xc323a602,1791196886.071662,Synchronized,125,RxWindow,"RxWindow { id: JobId(183), opened: true, scan: false, predicted: false, receptions: 0 }"
455,592.809,1,0xcc1455b0,0xc323a602,1791196891.181792,Synchronized,124,RxWindow,"RxWindow { id: JobId(183), opened: false, scan: false, predicted: false, receptions: 0 }"
456,592.809,1,0xcc1455b0,0xc323a602,1791196891.181881,Synchronized,124,RxWindow,"RxWindow { id: JobId(184), opened: true, scan: false, predicted: false, receptions: 0 }"
457,597.919,1,0xcc1455b0,0xc323a602,1791196896.292011,Synchronized,124,RxWindow,"RxWindow { id: JobId(184), opened: false, scan: false, predicted: false, receptions: 0 }"
458,597.919,1,0xcc1455b0,0xc323a602,1791196896.2921,Synchronized,124,RxWindow,"RxWindow { id: JobId(185), opened: true, scan: false, predicted: false, receptions: 0 }"
459,598.7,1,0xcc1455b0,0xc323a602,1791196897.072787,Synchronized,124,Rx,"Rx { frame_type: Heartbeat, source: NodeId(941614212), source_boot: BootId(1503990173), sequence: Sequence(25), epoch: Some(Epoch(29853281)), expected_slot: Some(38), class: Outside, rssi_dbm_x2: -98, snr_db_x4: Some(64), valid: true }"
460,598.7,1,0xcc1455b0,0xc323a602,1791196897.072837,Synchronized,124,RxWindow,"RxWindow { id: JobId(186), opened: true, scan: false, predicted: false, receptions: 1 }"
461,601.627,1,0xcc1455b0,0xc323a602,1791196900.000006,Synchronized,123,NeighbourTable,"NeighbourTable { epoch: Epoch(29853281), count: 1 }"
462,601.627,2,0xcc1455b0,0xc323a602,1791196900.000041,Synchronized,123,NeighbourEntry,"NeighbourEntry { epoch: Epoch(29853281), index: 0, node: NodeId(941614212), boot: BootId(1503990173), base_station: false, schedule_version: 2, last_seen_utc: UtcTimestamp { seconds: 1791196897, microseconds: 71738 }, location: Some(CompactLocation { latitude_e7: 519302716, longitude_e7: -12484366 }), location_uncertainty_meters: None, rssi_dbm_x2: Some(-98), snr_db_x4: Some(64), received_packets: 18, failed_packets: 0 }"
463,601.627,2,0xcc1455b0,0xc323a602,1791196900.000076,Synchronized,123,Summary,"Summary { epoch: Epoch(29853281), mode: Receiving, radio: RadioServiceStats { frames_tx: 20, frames_rx: 18, heartbeat_tx: 10, presence_tx: 10, presence_rx: 8, malformed_frames: 0, unsupported_frames: 1, schedule_misses: 18, scheduler_conflicts: 0, queue_drops: 0, neighbour_count: 1, radio_errors: 0 }, heartbeat_rx: 10, unknown_heartbeat_rx: 0, predicted_rx: 0, predicted_misses: 0, scan_rx: 0, outside_rx: 18, unverifiable_rx: 0, application_malformed: 0, diagnostic_drops: 0, logging_drops: 0, logging_truncations: 0 }"
464,601.627,1,0xcc1455b0,0xc323a602,1791196900.000284,Synchronized,123,TxSubmitted,"TxSubmitted { id: JobId(187), epoch: Epoch(29853282), purpose: Presence, slot: 10, sequence: Sequence(20) }"
465,601.627,1,0xcc1455b0,0xc323a602,1791196900.000393,Synchronized,123,TxSubmitted,"TxSubmitted { id: JobId(188), epoch: Epoch(29853282), purpose: Heartbeat, slot: 21, sequence: Sequence(21) }"
466,601.627,1,0xcc1455b0,0xc323a602,1791196900.000465,Synchronized,123,EpochScheduled,"EpochScheduled { epoch: Epoch(29853282), scan: true, presence_slot: 10, heartbeat_slot: 21, receive_windows: 1 }"
467,603.029,1,0xcc1455b0,0xc323a602,1791196901.402306,Synchronized,123,RxWindow,"RxWindow { id: JobId(186), opened: false, scan: false, predicted: false, receptions: 1 }"
468,603.029,1,0xcc1455b0,0xc323a602,1791196901.402392,Synchronized,123,RxWindow,"RxWindow { id: JobId(189), opened: true, scan: false, predicted: false, receptions: 0 }"
469,605.115,1,0xcc1455b0,0xc323a602,1791196903.488704,Synchronized,123,LocationStatus,"LocationStatus { valid: true, latitude_e7: 519302950, longitude_e7: -12484316, fixes_seen: 1200, fixes_used: 9, satellites: Some(9), hdop_centi: Some(121), uncertainty_meters: Some(6) }"
470,606.005,1,0xcc1455b0,0xc323a602,1791196904.377945,Synchronized,123,TimeCalibration,"TimeCalibration { status: Synchronized, source: GpsPps, uncertainty_us: 123, accepted_anchors: 600, rejected_anchors: 0, calibration_samples: 10, calibration_locked: false, calibrated_error_ppb: 10856 }"
471,608.139,1,0xcc1455b0,0xc323a602,1791196906.512527,Synchronized,123,RxWindow,"RxWindow { id: JobId(189), opened: false, scan: false, predicted: false, receptions: 0 }"
472,608.139,1,0xcc1455b0,0xc323a602,1791196906.512614,Synchronized,123,RxWindow,"RxWindow { id: JobId(190), opened: true, scan: false, predicted: false, receptions: 0 }"
473,613.249,1,0xcc1455b0,0xc323a602,1791196911.622748,Synchronized,122,RxWindow,"RxWindow { id: JobId(190), opened: false, scan: false, predicted: false, receptions: 0 }"
474,613.249,1,0xcc1455b0,0xc323a602,1791196911.622836,Synchronized,122,RxWindow,"RxWindow { id: JobId(191), opened: true, scan: false, predicted: false, receptions: 0 }"
475,617.007,1,0xcc1455b0,0xc323a602,1791196915.380589,Synchronized,122,TimeCalibration,"TimeCalibration { status: Synchronized, source: GpsPps, uncertainty_us: 122, accepted_anchors: 611, rejected_anchors: 0, calibration_samples: 11, calibration_locked: true, calibrated_error_ppb: 10860 }"
476,618.36,1,0xcc1455b0,0xc323a602,1791196916.732971,Synchronized,132,RxWindow,"RxWindow { id: JobId(191), opened: false, scan: false, predicted: false, receptions: 0 }"
477,618.36,1,0xcc1455b0,0xc323a602,1791196916.733061,Synchronized,132,RxWindow,"RxWindow { id: JobId(192), opened: true, scan: false, predicted: false, receptions: 0 }"
478,623.47,1,0xcc1455b0,0xc323a602,1791196921.843193,Synchronized,182,RxWindow,"RxWindow { id: JobId(192), opened: false, scan: false, predicted: false, receptions: 0 }"
479,623.47,1,0xcc1455b0,0xc323a602,1791196921.843284,Synchronized,182,RxWindow,"RxWindow { id: JobId(193), opened: true, scan: false, predicted: false, receptions: 0 }"
480,628.58,1,0xcc1455b0,0xc323a602,1791196926.953415,Synchronized,232,RxWindow,"RxWindow { id: JobId(193), opened: false, scan: false, predicted: false, receptions: 0 }"
481,628.58,1,0xcc1455b0,0xc323a602,1791196926.953509,Synchronized,232,RxWindow,"RxWindow { id: JobId(194), opened: true, scan: false, predicted: false, receptions: 0 }"
482,631.527,1,0xcc1455b0,0xc323a602,1791196929.900255,Synchronized,262,RxWindow,"RxWindow { id: JobId(194), opened: false, scan: false, predicted: false, receptions: 0 }"
483,631.527,1,0xcc1455b0,0xc323a602,1791196929.90035,Synchronized,262,RxWindow,"RxWindow { id: JobId(195), opened: true, scan: false, predicted: false, receptions: 0 }"
484,631.677,1,0xcc1455b0,0xc323a602,1791196930.051039,Synchronized,262,TxCompleted,"TxCompleted { id: JobId(187), epoch: Epoch(29853282), purpose: Presence, slot: 10, sequence: Sequence(20) }"
485,631.678,1,0xcc1455b0,0xc323a602,1791196930.051102,Synchronized,262,RadioFailure,"RadioFailure { id: JobId(195), error: Schedule(MissedSlot) }"
486,631.678,1,0xcc1455b0,0xc323a602,1791196930.051196,Synchronized,262,RxWindow,"RxWindow { id: JobId(196), opened: true, scan: false, predicted: false, receptions: 0 }"
487,636.788,1,0xcc1455b0,0xc323a602,1791196935.161325,Synchronized,312,RxWindow,"RxWindow { id: JobId(196), opened: false, scan: false, predicted: false, receptions: 0 }"
488,636.788,1,0xcc1455b0,0xc323a602,1791196935.16142,Synchronized,312,RxWindow,"RxWindow { id: JobId(197), opened: true, scan: false, predicted: false, receptions: 0 }"
489,638.679,1,0xcc1455b0,0xc323a602,1791196937.052268,Synchronized,332,NeighbourChanged,"NeighbourChanged { node: NodeId(941614212), boot: BootId(1503990173), discovered: false, boot_changed: false, base_station: false, count: 1 }"
490,638.679,1,0xcc1455b0,0xc323a602,1791196937.052307,Synchronized,332,Rx,"Rx { frame_type: Presence, source: NodeId(941614212), source_boot: BootId(1503990173), sequence: Sequence(26), epoch: Some(Epoch(29853282)), expected_slot: Some(18), class: Outside, rssi_dbm_x2: -96, snr_db_x4: Some(60), valid: true }"
491,638.679,1,0xcc1455b0,0xc323a602,1791196937.052361,Synchronized,332,RxWindow,"RxWindow { id: JobId(198), opened: true, scan: false, predicted: false, receptions: 1 }"
492,641.898,1,0xcc1455b0,0xc323a602,1791196940.271548,Synchronized,362,RxWindow,"RxWindow { id: JobId(198), opened: false, scan: false, predicted: false, receptions: 1 }"
493,641.898,1,0xcc1455b0,0xc323a602,1791196940.271645,Synchronized,362,RxWindow,"RxWindow { id: JobId(199), opened: true, scan: false, predicted: false, receptions: 0 }"
494,642.527,1,0xcc1455b0,0xc323a602,1791196940.900246,Synchronized,372,RxWindow,"RxWindow { id: JobId(199), opened: false, scan: false, predicted: false, receptions: 0 }"
495,642.527,1,0xcc1455b0,0xc323a602,1791196940.900342,Synchronized,372,RxWindow,"RxWindow { id: JobId(200), opened: true, scan: false, predicted: false, receptions: 0 }"
496,642.698,1,0xcc1455b0,0xc323a602,1791196941.071511,Synchronized,372,TxCompleted,"TxCompleted { id: JobId(188), epoch: Epoch(29853282), purpose: Heartbeat, slot: 21, sequence: Sequence(21) }"
497,642.698,1,0xcc1455b0,0xc323a602,1791196941.071574,Synchronized,372,RadioFailure,"RadioFailure { id: JobId(200), error: Schedule(MissedSlot) }"
498,642.698,1,0xcc1455b0,0xc323a602,1791196941.07167,Synchronized,372,RxWindow,"RxWindow { id: JobId(201), opened: true, scan: false, predicted: false, receptions: 0 }"
499,647.808,1,0xcc1455b0,0xc323a602,1791196946.181794,Synchronized,422,RxWindow,"RxWindow { id: JobId(201), opened: false, scan: false, predicted: false, receptions: 0 }"
500,647.808,1,0xcc1455b0,0xc323a602,1791196946.18189,Synchronized,422,RxWindow,"RxWindow { id: JobId(202), opened: true, scan: false, predicted: false, receptions: 0 }"
501,652.918,1,0xcc1455b0,0xc323a602,1791196951.292019,Synchronized,472,RxWindow,"RxWindow { id: JobId(202), opened: false, scan: false, predicted: false, receptions: 0 }"
502,652.918,1,0xcc1455b0,0xc323a602,1791196951.292115,Synchronized,472,RxWindow,"RxWindow { id: JobId(203), opened: true, scan: false, predicted: false, receptions: 0 }"
503,653.699,1,0xcc1455b0,0xc323a602,1791196952.072898,Synchronized,482,Rx,"Rx { frame_type: Heartbeat, source: NodeId(941614212), source_boot: BootId(1503990173), sequence: Sequence(27), epoch: Some(Epoch(29853282)), expected_slot: Some(33), class: Outside, rssi_dbm_x2: -100, snr_db_x4: Some(60), valid: true }"
504,653.699,1,0xcc1455b0,0xc323a602,1791196952.072952,Synchronized,482,RxWindow,"RxWindow { id: JobId(204), opened: true, scan: false, predicted: false, receptions: 1 }"
505,656.616,1,0xcc1455b0,0xc323a602,1791196954.989445,Synchronized,518,TimeCalibration,"TimeCalibration { status: Synchronized, source: GpsPps, uncertainty_us: 518, accepted_anchors: 611, rejected_anchors: 1, calibration_samples: 11, calibration_locked: true, calibrated_error_ppb: 10860 }"
506,657.616,1,0xcc1455b0,0xc323a602,1791196955.989423,Synchronized,528,TimeCalibration,"TimeCalibration { status: Synchronized, source: GpsPps, uncertainty_us: 528, accepted_anchors: 611, rejected_anchors: 2, calibration_samples: 11, calibration_locked: true, calibrated_error_ppb: 10860 }"
507,658.028,1,0xcc1455b0,0xc323a602,1791196956.40224,Synchronized,528,RxWindow,"RxWindow { id: JobId(204), opened: false, scan: false, predicted: false, receptions: 1 }"
508,658.028,1,0xcc1455b0,0xc323a602,1791196956.402338,Synchronized,528,RxWindow,"RxWindow { id: JobId(205), opened: true, scan: false, predicted: false, receptions: 0 }"
509,659.843,1,0xcc1455b0,0xc323a602,1791196958.216646,Synchronized,551,TimeCalibration,"TimeCalibration { status: Synchronized, source: GpsPps, uncertainty_us: 551, accepted_anchors: 611, rejected_anchors: 3, calibration_samples: 11, calibration_locked: true, calibrated_error_ppb: 10860 }"
510,660.871,1,0xcc1455b0,0xc323a602,1791196959.245225,Synchronized,561,TimeCalibration,"TimeCalibration { status: Synchronized, source: GpsPps, uncertainty_us: 561, accepted_anchors: 611, rejected_anchors: 4, calibration_samples: 11, calibration_locked: true, calibrated_error_ppb: 10860 }"
511,661.626,1,0xcc1455b0,0xc323a602,1791196959.999997,Synchronized,561,NeighbourTable,"NeighbourTable { epoch: Epoch(29853282), count: 1 }"
512,661.626,2,0xcc1455b0,0xc323a602,1791196960.000037,Synchronized,561,NeighbourEntry,"NeighbourEntry { epoch: Epoch(29853282), index: 0, node: NodeId(941614212), boot: BootId(1503990173), base_station: false, schedule_version: 2, last_seen_utc: UtcTimestamp { seconds: 1791196952, microseconds: 71844 }, location: Some(CompactLocation { latitude_e7: 519302500, longitude_e7: -12484450 }), location_uncertainty_meters: None, rssi_dbm_x2: Some(-100), snr_db_x4: Some(60), received_packets: 20, failed_packets: 0 }"
513,661.626,2,0xcc1455b0,0xc323a602,1791196960.000078,Synchronized,561,Summary,"Summary { epoch: Epoch(29853282), mode: Receiving, radio: RadioServiceStats { frames_tx: 22, frames_rx: 20, heartbeat_tx: 11, presence_tx: 11, presence_rx: 9, malformed_frames: 0, unsupported_frames: 1, schedule_misses: 20, scheduler_conflicts: 0, queue_drops: 0, neighbour_count: 1, radio_errors: 0 }, heartbeat_rx: 11, unknown_heartbeat_rx: 0, predicted_rx: 0, predicted_misses: 0, scan_rx: 0, outside_rx: 20, unverifiable_rx: 0, application_malformed: 0, diagnostic_drops: 0, logging_drops: 0, logging_truncations: 0 }"
514,661.626,1,0xcc1455b0,0xc323a602,1791196960.000302,Synchronized,561,TxSubmitted,"TxSubmitted { id: JobId(206), epoch: Epoch(29853283), purpose: Presence, slot: 15, sequence: Sequence(22) }"
515,661.627,1,0xcc1455b0,0xc323a602,1791196960.000417,Synchronized,561,TxSubmitted,"TxSubmitted { id: JobId(207), epoch: Epoch(29853283), purpose: Heartbeat, slot: 36, sequence: Sequence(23) }"
516,661.627,1,0xcc1455b0,0xc323a602,1791196960.000493,Synchronized,561,EpochScheduled,"EpochScheduled { epoch: Epoch(29853283), scan: true, presence_slot: 15, heartbeat_slot: 36, receive_windows: 1 }"
517,661.875,1,0xcc1455b0,0xc323a602,1791196960.249182,Synchronized,571,TimeCalibration,"TimeCalibration { status: Synchronized, source: GpsPps, uncertainty_us: 571, accepted_anchors: 611, rejected_anchors: 5, calibration_samples: 11, calibration_locked: true, calibrated_error_ppb: 10860 }"
518,662.862,1,0xcc1455b0,0xc323a602,1791196961.235813,Synchronized,581,TimeCalibration,"TimeCalibration { status: Synchronized, source: GpsPps, uncertainty_us: 581, accepted_anchors: 611, rejected_anchors: 6, calibration_samples: 11, calibration_locked: true, calibrated_error_ppb: 10860 }"
519,663.139,1,0xcc1455b0,0xc323a602,1791196961.512538,Synchronized,581,RxWindow,"RxWindow { id: JobId(205), opened: false, scan: false, predicted: false, receptions: 0 }"
520,663.139,1,0xcc1455b0,0xc323a602,1791196961.512636,Synchronized,581,RxWindow,"RxWindow { id: JobId(208), opened: true, scan: false, predicted: false, receptions: 0 }"
521,663.888,1,0xcc1455b0,0xc323a602,1791196962.261593,Synchronized,591,TimeCalibration,"TimeCalibration { status: Synchronized, source: GpsPps, uncertainty_us: 591, accepted_anchors: 611, rejected_anchors: 7, calibration_samples: 11, calibration_locked: true, calibrated_error_ppb: 10860 }"
522,664.892,1,0xcc1455b0,0xc323a602,1791196963.265483,Synchronized,601,TimeCalibration,"TimeCalibration { status: Synchronized, source: GpsPps, uncertainty_us: 601, accepted_anchors: 611, rejected_anchors: 8, calibration_samples: 11, calibration_locked: true, calibrated_error_ppb: 10860 }"
523,665.898,1,0xcc1455b0,0xc323a602,1791196964.271635,Synchronized,611,TimeCalibration,"TimeCalibration { status: Synchronized, source: GpsPps, uncertainty_us: 611, accepted_anchors: 611, rejected_anchors: 9, calibration_samples: 11, calibration_locked: true, calibrated_error_ppb: 10860 }"
524,668.249,1,0xcc1455b0,0xc323a602,1791196966.622764,Synchronized,123,RxWindow,"RxWindow { id: JobId(208), opened: false, scan: false, predicted: false, receptions: 0 }"
525,668.249,1,0xcc1455b0,0xc323a602,1791196966.622852,Synchronized,123,RxWindow,"RxWindow { id: JobId(209), opened: true, scan: false, predicted: false, receptions: 0 }"
526,673.005,1,0xcc1455b0,0xc323a602,1791196971.379121,Synchronized,122,LocationStatus,"LocationStatus { valid: true, latitude_e7: 519301150, longitude_e7: -12485933, fixes_seen: 1260, fixes_used: 9, satellites: Some(9), hdop_centi: Some(111), uncertainty_meters: Some(8) }"
527,673.359,1,0xcc1455b0,0xc323a602,1791196971.732987,Synchronized,122,RxWindow,"RxWindow { id: JobId(209), opened: false, scan: false, predicted: false, receptions: 0 }"
528,673.359,1,0xcc1455b0,0xc323a602,1791196971.733075,Synchronized,122,RxWindow,"RxWindow { id: JobId(210), opened: true, scan: false, predicted: false, receptions: 0 }"
529,678.469,1,0xcc1455b0,0xc323a602,1791196976.843209,Synchronized,122,RxWindow,"RxWindow { id: JobId(210), opened: false, scan: false, predicted: false, receptions: 0 }"
530,678.469,1,0xcc1455b0,0xc323a602,1791196976.843297,Synchronized,122,RxWindow,"RxWindow { id: JobId(211), opened: true, scan: false, predicted: false, receptions: 0 }"
531,683.579,1,0xcc1455b0,0xc323a602,1791196981.953431,Synchronized,122,RxWindow,"RxWindow { id: JobId(211), opened: false, scan: false, predicted: false, receptions: 0 }"
532,683.579,1,0xcc1455b0,0xc323a602,1791196981.953519,Synchronized,122,RxWindow,"RxWindow { id: JobId(212), opened: true, scan: false, predicted: false, receptions: 0 }"
533,688.689,1,0xcc1455b0,0xc323a602,1791196987.063653,Synchronized,142,RxWindow,"RxWindow { id: JobId(212), opened: false, scan: false, predicted: false, receptions: 0 }"
534,688.69,1,0xcc1455b0,0xc323a602,1791196987.063741,Synchronized,142,RxWindow,"RxWindow { id: JobId(213), opened: true, scan: false, predicted: false, receptions: 0 }"
535,693.8,1,0xcc1455b0,0xc323a602,1791196992.173874,Synchronized,192,RxWindow,"RxWindow { id: JobId(213), opened: false, scan: false, predicted: false, receptions: 0 }"
536,693.8,1,0xcc1455b0,0xc323a602,1791196992.173967,Synchronized,192,RxWindow,"RxWindow { id: JobId(214), opened: true, scan: false, predicted: false, receptions: 0 }"
537,694.835,1,0xcc1455b0,0xc323a602,1791196993.209192,Synchronized,202,RadioFailure,"RadioFailure { id: JobId(214), error: Frame(UnsupportedVersion(0)) }"
538,694.835,1,0xcc1455b0,0xc323a602,1791196993.209285,Synchronized,202,RxWindow,"RxWindow { id: JobId(215), opened: true, scan: false, predicted: false, receptions: 0 }"
539,695.923,1,0xcc1455b0,0xc323a602,1791196994.297507,Synchronized,212,RadioFailure,"RadioFailure { id: JobId(215), error: Frame(UnsupportedVersion(0)) }"
540,695.923,1,0xcc1455b0,0xc323a602,1791196994.2976,Synchronized,212,RxWindow,"RxWindow { id: JobId(216), opened: true, scan: false, predicted: false, receptions: 0 }"
541,696.526,1,0xcc1455b0,0xc323a602,1791196994.900266,Synchronized,222,RxWindow,"RxWindow { id: JobId(216), opened: false, scan: false, predicted: false, receptions: 0 }"
542,696.526,1,0xcc1455b0,0xc323a602,1791196994.900359,Synchronized,222,RxWindow,"RxWindow { id: JobId(217), opened: true, scan: false, predicted: false, receptions: 0 }"
543,696.677,1,0xcc1455b0,0xc323a602,1791196995.051049,Synchronized,222,TxCompleted,"TxCompleted { id: JobId(206), epoch: Epoch(29853283), purpose: Presence, slot: 15, sequence: Sequence(22) }"
544,696.677,1,0xcc1455b0,0xc323a602,1791196995.051111,Synchronized,222,RadioFailure,"RadioFailure { id: JobId(217), error: Schedule(MissedSlot) }"
545,696.677,1,0xcc1455b0,0xc323a602,1791196995.051204,Synchronized,222,RxWindow,"RxWindow { id: JobId(218), opened: true, scan: false, predicted: false, receptions: 0 }"
546,701.787,1,0xcc1455b0,0xc323a602,1791197000.161334,Synchronized,272,RxWindow,"RxWindow { id: JobId(218), opened: false, scan: false, predicted: false, receptions: 0 }"
547,701.787,1,0xcc1455b0,0xc323a602,1791197000.161429,Synchronized,272,RxWindow,"RxWindow { id: JobId(219), opened: true, scan: false, predicted: false, receptions: 0 }"
548,706.897,1,0xcc1455b0,0xc323a602,1791197005.271557,Synchronized,322,RxWindow,"RxWindow { id: JobId(219), opened: false, scan: false, predicted: false, receptions: 0 }"
549,706.897,1,0xcc1455b0,0xc323a602,1791197005.271654,Synchronized,322,RxWindow,"RxWindow { id: JobId(220), opened: true, scan: false, predicted: false, receptions: 0 }"
550,708.698,1,0xcc1455b0,0xc323a602,1791197007.072901,Synchronized,342,Rx,"Rx { frame_type: Heartbeat, source: NodeId(941614212), source_boot: BootId(1503990173), sequence: Sequence(29), epoch: Some(Epoch(29853283)), expected_slot: Some(28), class: Outside, rssi_dbm_x2: -100, snr_db_x4: Some(60), valid: true }"
551,708.699,1,0xcc1455b0,0xc323a602,1791197007.072955,Synchronized,342,RxWindow,"RxWindow { id: JobId(221), opened: true, scan: false, predicted: false, receptions: 1 }"
552,712.007,1,0xcc1455b0,0xc323a602,1791197010.381782,Synchronized,382,RxWindow,"RxWindow { id: JobId(221), opened: false, scan: false, predicted: false, receptions: 1 }"
553,712.007,1,0xcc1455b0,0xc323a602,1791197010.381879,Synchronized,382,RxWindow,"RxWindow { id: JobId(222), opened: true, scan: false, predicted: false, receptions: 0 }"
554,717.117,1,0xcc1455b0,0xc323a602,1791197015.492009,Synchronized,432,RxWindow,"RxWindow { id: JobId(222), opened: false, scan: false, predicted: false, receptions: 0 }"
555,717.118,1,0xcc1455b0,0xc323a602,1791197015.492106,Synchronized,432,RxWindow,"RxWindow { id: JobId(223), opened: true, scan: false, predicted: false, receptions: 0 }"
556,717.526,1,0xcc1455b0,0xc323a602,1791197015.90026,Synchronized,432,RxWindow,"RxWindow { id: JobId(223), opened: false, scan: false, predicted: false, receptions: 0 }"
557,717.526,1,0xcc1455b0,0xc323a602,1791197015.900356,Synchronized,432,RxWindow,"RxWindow { id: JobId(224), opened: true, scan: false, predicted: false, receptions: 0 }"
558,717.697,1,0xcc1455b0,0xc323a602,1791197016.071524,Synchronized,432,TxCompleted,"TxCompleted { id: JobId(207), epoch: Epoch(29853283), purpose: Heartbeat, slot: 36, sequence: Sequence(23) }"
559,717.697,1,0xcc1455b0,0xc323a602,1791197016.071587,Synchronized,432,RadioFailure,"RadioFailure { id: JobId(224), error: Schedule(MissedSlot) }"
560,717.697,1,0xcc1455b0,0xc323a602,1791197016.071683,Synchronized,432,RxWindow,"RxWindow { id: JobId(225), opened: true, scan: false, predicted: false, receptions: 0 }"
561,721.625,1,0xcc1455b0,0xc323a602,1791197020.000017,Synchronized,472,NeighbourTable,"NeighbourTable { epoch: Epoch(29853283), count: 1 }"
562,721.625,2,0xcc1455b0,0xc323a602,1791197020.000056,Synchronized,472,NeighbourEntry,"NeighbourEntry { epoch: Epoch(29853283), index: 0, node: NodeId(941614212), boot: BootId(1503990173), base_station: false, schedule_version: 2, last_seen_utc: UtcTimestamp { seconds: 1791197007, microseconds: 71845 }, location: Some(CompactLocation { latitude_e7: 519302683, longitude_e7: -12484366 }), location_uncertainty_meters: None, rssi_dbm_x2: Some(-100), snr_db_x4: Some(60), received_packets: 21, failed_packets: 0 }"
563,721.626,2,0xcc1455b0,0xc323a602,1791197020.000095,Synchronized,472,Summary,"Summary { epoch: Epoch(29853283), mode: Receiving, radio: RadioServiceStats { frames_tx: 24, frames_rx: 21, heartbeat_tx: 12, presence_tx: 12, presence_rx: 9, malformed_frames: 0, unsupported_frames: 3, schedule_misses: 22, scheduler_conflicts: 0, queue_drops: 0, neighbour_count: 1, radio_errors: 0 }, heartbeat_rx: 12, unknown_heartbeat_rx: 0, predicted_rx: 0, predicted_misses: 0, scan_rx: 0, outside_rx: 21, unverifiable_rx: 0, application_malformed: 0, diagnostic_drops: 0, logging_drops: 0, logging_truncations: 0 }"
564,721.626,1,0xcc1455b0,0xc323a602,1791197020.000317,Synchronized,472,TxSubmitted,"TxSubmitted { id: JobId(226), epoch: Epoch(29853284), purpose: Presence, slot: 0, sequence: Sequence(24) }"
565,721.626,1,0xcc1455b0,0xc323a602,1791197020.000431,Synchronized,472,TxSubmitted,"TxSubmitted { id: JobId(227), epoch: Epoch(29853284), purpose: Heartbeat, slot: 31, sequence: Sequence(25) }"
566,721.626,1,0xcc1455b0,0xc323a602,1791197020.000506,Synchronized,472,EpochScheduled,"EpochScheduled { epoch: Epoch(29853284), scan: true, presence_slot: 0, heartbeat_slot: 31, receive_windows: 1 }"
567,722.807,1,0xcc1455b0,0xc323a602,1791197021.181883,Synchronized,482,RxWindow,"RxWindow { id: JobId(225), opened: false, scan: false, predicted: false, receptions: 0 }"
568,722.807,1,0xcc1455b0,0xc323a602,1791197021.181979,Synchronized,482,RxWindow,"RxWindow { id: JobId(228), opened: true, scan: false, predicted: false, receptions: 0 }"
569,724.993,1,0xcc1455b0,0xc323a602,1791197023.367596,Synchronized,512,TimeCalibration,"TimeCalibration { status: Synchronized, source: GpsPps, uncertainty_us: 512, accepted_anchors: 631, rejected_anchors: 10, calibration_samples: 11, calibration_locked: true, calibrated_error_ppb: 10860 }"
570,725.988,1,0xcc1455b0,0xc323a602,1791197024.36292,Synchronized,522,TimeCalibration,"TimeCalibration { status: Synchronized, source: GpsPps, uncertainty_us: 522, accepted_anchors: 631, rejected_anchors: 11, calibration_samples: 11, calibration_locked: true, calibrated_error_ppb: 10860 }"
571,726.988,1,0xcc1455b0,0xc323a602,1791197025.36253,Synchronized,532,TimeCalibration,"TimeCalibration { status: Synchronized, source: GpsPps, uncertainty_us: 532, accepted_anchors: 631, rejected_anchors: 12, calibration_samples: 11, calibration_locked: true, calibrated_error_ppb: 10860 }"
572,727.917,1,0xcc1455b0,0xc323a602,1791197026.292109,Synchronized,532,RxWindow,"RxWindow { id: JobId(228), opened: false, scan: false, predicted: false, receptions: 0 }"
573,727.918,1,0xcc1455b0,0xc323a602,1791197026.292207,Synchronized,532,RxWindow,"RxWindow { id: JobId(229), opened: true, scan: false, predicted: false, receptions: 0 }"
574,727.994,1,0xcc1455b0,0xc323a602,1791197026.368892,Synchronized,542,TimeCalibration,"TimeCalibration { status: Synchronized, source: GpsPps, uncertainty_us: 542, accepted_anchors: 631, rejected_anchors: 13, calibration_samples: 11, calibration_locked: true, calibrated_error_ppb: 10860 }"
575,728.994,1,0xcc1455b0,0xc323a602,1791197027.369009,Synchronized,552,TimeCalibration,"TimeCalibration { status: Synchronized, source: GpsPps, uncertainty_us: 552, accepted_anchors: 631, rejected_anchors: 14, calibration_samples: 11, calibration_locked: true, calibrated_error_ppb: 10860 }"
576,729.994,1,0xcc1455b0,0xc323a602,1791197028.368992,Synchronized,562,TimeCalibration,"TimeCalibration { status: Synchronized, source: GpsPps, uncertainty_us: 562, accepted_anchors: 631, rejected_anchors: 15, calibration_samples: 11, calibration_locked: true, calibrated_error_ppb: 10860 }"
577,730.994,1,0xcc1455b0,0xc323a602,1791197029.369102,Synchronized,572,TimeCalibration,"TimeCalibration { status: Synchronized, source: GpsPps, uncertainty_us: 572, accepted_anchors: 631, rejected_anchors: 16, calibration_samples: 11, calibration_locked: true, calibrated_error_ppb: 10860 }"
578,733.028,1,0xcc1455b0,0xc323a602,1791197031.402335,Synchronized,592,RxWindow,"RxWindow { id: JobId(229), opened: false, scan: false, predicted: false, receptions: 0 }"
579,733.028,1,0xcc1455b0,0xc323a602,1791197031.402433,Synchronized,592,RxWindow,"RxWindow { id: JobId(230), opened: true, scan: false, predicted: false, receptions: 0 }"
580,733.882,1,0xcc1455b0,0xc323a602,1791197032.256387,Synchronized,601,TimeCalibration,"TimeCalibration { status: Synchronized, source: GpsPps, uncertainty_us: 601, accepted_anchors: 631, rejected_anchors: 17, calibration_samples: 11, calibration_locked: true, calibrated_error_ppb: 10860 }"
581,734.889,1,0xcc1455b0,0xc323a602,1791197033.263578,Synchronized,611,TimeCalibration,"TimeCalibration { status: Synchronized, source: GpsPps, uncertainty_us: 611, accepted_anchors: 631, rejected_anchors: 18, calibration_samples: 11, calibration_locked: true, calibrated_error_ppb: 10860 }"
582,735.895,1,0xcc1455b0,0xc323a602,1791197034.270109,Synchronized,621,TimeCalibration,"TimeCalibration { status: Synchronized, source: GpsPps, uncertainty_us: 621, accepted_anchors: 631, rejected_anchors: 19, calibration_samples: 11, calibration_locked: true, calibrated_error_ppb: 10860 }"
583,736.885,1,0xcc1455b0,0xc323a602,1791197035.259481,Synchronized,631,TimeCalibration,"TimeCalibration { status: Synchronized, source: GpsPps, uncertainty_us: 631, accepted_anchors: 631, rejected_anchors: 20, calibration_samples: 11, calibration_locked: true, calibrated_error_ppb: 10860 }"
584,737.887,1,0xcc1455b0,0xc323a602,1791197036.261549,Synchronized,641,TimeCalibration,"TimeCalibration { status: Synchronized, source: GpsPps, uncertainty_us: 641, accepted_anchors: 631, rejected_anchors: 21, calibration_samples: 11, calibration_locked: true, calibrated_error_ppb: 10860 }"
585,738.138,1,0xcc1455b0,0xc323a602,1791197036.512562,Synchronized,641,RxWindow,"RxWindow { id: JobId(230), opened: false, scan: false, predicted: false, receptions: 0 }"
586,738.138,1,0xcc1455b0,0xc323a602,1791197036.51266,Synchronized,641,RxWindow,"RxWindow { id: JobId(231), opened: true, scan: false, predicted: false, receptions: 0 }"
587,738.905,1,0xcc1455b0,0xc323a602,1791197037.279584,Synchronized,651,TimeCalibration,"TimeCalibration { status: Synchronized, source: GpsPps, uncertainty_us: 651, accepted_anchors: 631, rejected_anchors: 22, calibration_samples: 11, calibration_locked: true, calibrated_error_ppb: 10860 }"
588,739.892,1,0xcc1455b0,0xc323a602,1791197038.26665,Synchronized,661,TimeCalibration,"TimeCalibration { status: Synchronized, source: GpsPps, uncertainty_us: 661, accepted_anchors: 631, rejected_anchors: 23, calibration_samples: 11, calibration_locked: true, calibrated_error_ppb: 10860 }"
589,740.995,1,0xcc1455b0,0xc323a602,1791197039.36931,Synchronized,122,LocationStatus,"LocationStatus { valid: true, latitude_e7: 519302666, longitude_e7: -12485100, fixes_seen: 1320, fixes_used: 9, satellites: Some(6), hdop_centi: Some(171), uncertainty_meters: Some(9) }"
590,741.525,1,0xcc1455b0,0xc323a602,1791197039.900263,Synchronized,122,RxWindow,"RxWindow { id: JobId(231), opened: false, scan: false, predicted: false, receptions: 0 }"
591,741.526,1,0xcc1455b0,0xc323a602,1791197039.900351,Synchronized,122,RxWindow,"RxWindow { id: JobId(232), opened: true, scan: false, predicted: false, receptions: 0 }"
592,741.676,1,0xcc1455b0,0xc323a602,1791197040.051047,Synchronized,122,TxCompleted,"TxCompleted { id: JobId(226), epoch: Epoch(29853284), purpose: Presence, slot: 0, sequence: Sequence(24) }"
593,741.676,1,0xcc1455b0,0xc323a602,1791197040.051106,Synchronized,122,RadioFailure,"RadioFailure { id: JobId(232), error: Schedule(MissedSlot) }"
594,741.676,1,0xcc1455b0,0xc323a602,1791197040.051195,Synchronized,122,RxWindow,"RxWindow { id: JobId(233), opened: true, scan: false, predicted: false, receptions: 0 }"
595,746.786,1,0xcc1455b0,0xc323a602,1791197045.161327,Synchronized,122,RxWindow,"RxWindow { id: JobId(233), opened: false, scan: false, predicted: false, receptions: 0 }"
596,746.787,1,0xcc1455b0,0xc323a602,1791197045.161416,Synchronized,122,RxWindow,"RxWindow { id: JobId(234), opened: true, scan: false, predicted: false, receptions: 0 }"
597,748.677,1,0xcc1455b0,0xc323a602,1791197047.052266,Synchronized,121,NeighbourChanged,"NeighbourChanged { node: NodeId(941614212), boot: BootId(1503990173), discovered: false, boot_changed: false, base_station: false, count: 1 }"
598,748.677,1,0xcc1455b0,0xc323a602,1791197047.052302,Synchronized,121,Rx,"Rx { frame_type: Presence, source: NodeId(941614212), source_boot: BootId(1503990173), sequence: Sequence(30), epoch: Some(Epoch(29853284)), expected_slot: Some(8), class: Outside, rssi_dbm_x2: -110, snr_db_x4: Some(63), valid: true }"
599,748.677,1,0xcc1455b0,0xc323a602,1791197047.052352,Synchronized,121,RxWindow,"RxWindow { id: JobId(235), opened: true, scan: false, predicted: false, receptions: 1 }"
600,751.897,1,0xcc1455b0,0xc323a602,1791197050.271548,Synchronized,121,RxWindow,"RxWindow { id: JobId(235), opened: false, scan: false, predicted: false, receptions: 1 }"
601,751.897,1,0xcc1455b0,0xc323a602,1791197050.271638,Synchronized,121,RxWindow,"RxWindow { id: JobId(236), opened: true, scan: false, predicted: false, receptions: 0 }"
602,757.007,1,0xcc1455b0,0xc323a602,1791197055.381768,Synchronized,151,RxWindow,"RxWindow { id: JobId(236), opened: false, scan: false, predicted: false, receptions: 0 }"
603,757.007,1,0xcc1455b0,0xc323a602,1791197055.381857,Synchronized,151,RxWindow,"RxWindow { id: JobId(237), opened: true, scan: false, predicted: false, receptions: 0 }"
604,762.117,1,0xcc1455b0,0xc323a602,1791197060.491988,Synchronized,201,RxWindow,"RxWindow { id: JobId(237), opened: false, scan: false, predicted: false, receptions: 0 }"
605,762.117,1,0xcc1455b0,0xc323a602,1791197060.492081,Synchronized,201,RxWindow,"RxWindow { id: JobId(238), opened: true, scan: false, predicted: false, receptions: 0 }"
606,763.698,1,0xcc1455b0,0xc323a602,1791197062.072896,Synchronized,211,Rx,"Rx { frame_type: Heartbeat, source: NodeId(941614212), source_boot: BootId(1503990173), sequence: Sequence(31), epoch: Some(Epoch(29853284)), expected_slot: Some(23), class: Outside, rssi_dbm_x2: -106, snr_db_x4: Some(61), valid: true }"
607,763.698,1,0xcc1455b0,0xc323a602,1791197062.072949,Synchronized,211,RxWindow,"RxWindow { id: JobId(239), opened: true, scan: false, predicted: false, receptions: 1 }"
608,767.227,1,0xcc1455b0,0xc323a602,1791197065.60221,Synchronized,251,RxWindow,"RxWindow { id: JobId(239), opened: false, scan: false, predicted: false, receptions: 1 }"
609,767.227,1,0xcc1455b0,0xc323a602,1791197065.602305,Synchronized,251,RxWindow,"RxWindow { id: JobId(240), opened: true, scan: false, predicted: false, receptions: 0 }"
610,772.337,1,0xcc1455b0,0xc323a602,1791197070.712437,Synchronized,301,RxWindow,"RxWindow { id: JobId(240), opened: false, scan: false, predicted: false, receptions: 0 }"
611,772.696,1,0xcc1455b0,0xc323a602,1791197071.071502,Synchronized,301,TxCompleted,"TxCompleted { id: JobId(227), epoch: Epoch(29853284), purpose: Heartbeat, slot: 31, sequence: Sequence(25) }"
612,772.696,1,0xcc1455b0,0xc323a602,1791197071.071598,Synchronized,301,RxWindow,"RxWindow { id: JobId(241), opened: true, scan: false, predicted: false, receptions: 0 }"
613,777.807,1,0xcc1455b0,0xc323a602,1791197076.181723,Synchronized,351,RxWindow,"RxWindow { id: JobId(241), opened: false, scan: false, predicted: false, receptions: 0 }"
614,777.807,1,0xcc1455b0,0xc323a602,1791197076.181819,Synchronized,351,RxWindow,"RxWindow { id: JobId(242), opened: true, scan: false, predicted: false, receptions: 0 }"
615,781.625,1,0xcc1455b0,0xc323a602,1791197080.000017,Synchronized,391,NeighbourTable,"NeighbourTable { epoch: Epoch(29853284), count: 1 }"
616,781.625,2,0xcc1455b0,0xc323a602,1791197080.000056,Synchronized,391,NeighbourEntry,"NeighbourEntry { epoch: Epoch(29853284), index: 0, node: NodeId(941614212), boot: BootId(1503990173), base_station: false, schedule_version: 2, last_seen_utc: UtcTimestamp { seconds: 1791197062, microseconds: 71842 }, location: Some(CompactLocation { latitude_e7: 519302650, longitude_e7: -12484350 }), location_uncertainty_meters: None, rssi_dbm_x2: Some(-106), snr_db_x4: Some(61), received_packets: 23, failed_packets: 0 }"
617,781.625,2,0xcc1455b0,0xc323a602,1791197080.0001,Synchronized,391,Summary,"Summary { epoch: Epoch(29853284), mode: Receiving, radio: RadioServiceStats { frames_tx: 26, frames_rx: 23, heartbeat_tx: 13, presence_tx: 13, presence_rx: 10, malformed_frames: 0, unsupported_frames: 3, schedule_misses: 23, scheduler_conflicts: 0, queue_drops: 0, neighbour_count: 1, radio_errors: 0 }, heartbeat_rx: 13, unknown_heartbeat_rx: 0, predicted_rx: 0, predicted_misses: 0, scan_rx: 0, outside_rx: 23, unverifiable_rx: 0, application_malformed: 0, diagnostic_drops: 0, logging_drops: 0, logging_truncations: 0 }"
618,781.625,1,0xcc1455b0,0xc323a602,1791197080.000321,Synchronized,391,TxSubmitted,"TxSubmitted { id: JobId(243), epoch: Epoch(29853285), purpose: Presence, slot: 5, sequence: Sequence(26) }"
619,781.625,1,0xcc1455b0,0xc323a602,1791197080.000434,Synchronized,391,TxSubmitted,"TxSubmitted { id: JobId(244), epoch: Epoch(29853285), purpose: Heartbeat, slot: 26, sequence: Sequence(27) }"
620,781.625,1,0xcc1455b0,0xc323a602,1791197080.00051,Synchronized,391,EpochScheduled,"EpochScheduled { epoch: Epoch(29853285), scan: true, presence_slot: 5, heartbeat_slot: 26, receive_windows: 1 }"
621,782.917,1,0xcc1455b0,0xc323a602,1791197081.29202,Synchronized,411,RxWindow,"RxWindow { id: JobId(242), opened: false, scan: false, predicted: false, receptions: 0 }"
622,782.917,1,0xcc1455b0,0xc323a602,1791197081.292116,Synchronized,411,RxWindow,"RxWindow { id: JobId(245), opened: true, scan: false, predicted: false, receptions: 0 }"
623,788.027,1,0xcc1455b0,0xc323a602,1791197086.402245,Synchronized,461,RxWindow,"RxWindow { id: JobId(245), opened: false, scan: false, predicted: false, receptions: 0 }"
624,788.027,1,0xcc1455b0,0xc323a602,1791197086.402341,Synchronized,461,RxWindow,"RxWindow { id: JobId(246), opened: true, scan: false, predicted: false, receptions: 0 }"
625,788.379,1,0xcc1455b0,0xc323a602,1791197086.754323,Synchronized,466,TimeCalibration,"TimeCalibration { status: Synchronized, source: GpsPps, uncertainty_us: 466, accepted_anchors: 645, rejected_anchors: 24, calibration_samples: 11, calibration_locked: true, calibrated_error_ppb: 10860 }"
626,789.381,1,0xcc1455b0,0xc323a602,1791197087.756132,Synchronized,476,TimeCalibration,"TimeCalibration { status: Synchronized, source: GpsPps, uncertainty_us: 476, accepted_anchors: 645, rejected_anchors: 25, calibration_samples: 11, calibration_locked: true, calibrated_error_ppb: 10860 }"
627,793.137,1,0xcc1455b0,0xc323a602,1791197091.512471,Synchronized,506,RxWindow,"RxWindow { id: JobId(246), opened: false, scan: false, predicted: false, receptions: 0 }"
628,793.137,1,0xcc1455b0,0xc323a602,1791197091.512567,Synchronized,506,RxWindow,"RxWindow { id: JobId(247), opened: true, scan: false, predicted: false, receptions: 0 }"
629,798.247,1,0xcc1455b0,0xc323a602,1791197096.622696,Synchronized,556,RxWindow,"RxWindow { id: JobId(247), opened: false, scan: false, predicted: false, receptions: 0 }"
630,798.247,1,0xcc1455b0,0xc323a602,1791197096.622794,Synchronized,556,RxWindow,"RxWindow { id: JobId(248), opened: true, scan: false, predicted: false, receptions: 0 }"
631,798.9,1,0xcc1455b0,0xc323a602,1791197097.275074,Synchronized,571,TimeCalibration,"TimeCalibration { status: Synchronized, source: GpsPps, uncertainty_us: 571, accepted_anchors: 645, rejected_anchors: 26, calibration_samples: 11, calibration_locked: true, calibrated_error_ppb: 10860 }"
632,799.9,1,0xcc1455b0,0xc323a602,1791197098.275077,Synchronized,581,TimeCalibration,"TimeCalibration { status: Synchronized, source: GpsPps, uncertainty_us: 581, accepted_anchors: 645, rejected_anchors: 27, calibration_samples: 11, calibration_locked: true, calibrated_error_ppb: 10860 }"
633,800.901,1,0xcc1455b0,0xc323a602,1791197099.276081,Synchronized,591,TimeCalibration,"TimeCalibration { status: Synchronized, source: GpsPps, uncertainty_us: 591, accepted_anchors: 645, rejected_anchors: 28, calibration_samples: 11, calibration_locked: true, calibrated_error_ppb: 10860 }"
634,801.898,1,0xcc1455b0,0xc323a602,1791197100.273148,Synchronized,601,TimeCalibration,"TimeCalibration { status: Synchronized, source: GpsPps, uncertainty_us: 601, accepted_anchors: 645, rejected_anchors: 29, calibration_samples: 11, calibration_locked: true, calibrated_error_ppb: 10860 }"
635,802.901,1,0xcc1455b0,0xc323a602,1791197101.276905,Synchronized,611,TimeCalibration,"TimeCalibration { status: Synchronized, source: GpsPps, uncertainty_us: 611, accepted_anchors: 645, rejected_anchors: 30, calibration_samples: 11, calibration_locked: true, calibrated_error_ppb: 10860 }"
636,803.357,1,0xcc1455b0,0xc323a602,1791197101.732923,Synchronized,611,RxWindow,"RxWindow { id: JobId(248), opened: false, scan: false, predicted: false, receptions: 0 }"
637,803.358,1,0xcc1455b0,0xc323a602,1791197101.733021,Synchronized,611,RxWindow,"RxWindow { id: JobId(249), opened: true, scan: false, predicted: false, receptions: 0 }"
638,803.9,1,0xcc1455b0,0xc323a602,1791197102.274972,Synchronized,621,TimeCalibration,"TimeCalibration { status: Synchronized, source: GpsPps, uncertainty_us: 621, accepted_anchors: 645, rejected_anchors: 31, calibration_samples: 11, calibration_locked: true, calibrated_error_ppb: 10860 }"
639,803.999,1,0xcc1455b0,0xc323a602,1791197102.374901,Synchronized,621,LocationStatus,"LocationStatus { valid: true, latitude_e7: 519302483, longitude_e7: -12484383, fixes_seen: 1380, fixes_used: 9, satellites: Some(9), hdop_centi: Some(94), uncertainty_meters: Some(8) }"
640,804.902,1,0xcc1455b0,0xc323a602,1791197103.277012,Synchronized,631,TimeCalibration,"TimeCalibration { status: Synchronized, source: GpsPps, uncertainty_us: 631, accepted_anchors: 645, rejected_anchors: 32, calibration_samples: 11, calibration_locked: true, calibrated_error_ppb: 10860 }"
641,806.525,1,0xcc1455b0,0xc323a602,1791197104.900263,Synchronized,122,RxWindow,"RxWindow { id: JobId(249), opened: false, scan: false, predicted: false, receptions: 0 }"
642,806.525,1,0xcc1455b0,0xc323a602,1791197104.900351,Synchronized,122,RxWindow,"RxWindow { id: JobId(250), opened: true, scan: false, predicted: false, receptions: 0 }"
643,806.676,1,0xcc1455b0,0xc323a602,1791197105.051047,Synchronized,122,TxCompleted,"TxCompleted { id: JobId(243), epoch: Epoch(29853285), purpose: Presence, slot: 5, sequence: Sequence(26) }"
644,806.676,1,0xcc1455b0,0xc323a602,1791197105.051106,Synchronized,122,RadioFailure,"RadioFailure { id: JobId(250), error: Schedule(MissedSlot) }"
645,806.676,1,0xcc1455b0,0xc323a602,1791197105.051194,Synchronized,122,RxWindow,"RxWindow { id: JobId(251), opened: true, scan: false, predicted: false, receptions: 0 }"
646,811.786,1,0xcc1455b0,0xc323a602,1791197110.161326,Synchronized,121,RxWindow,"RxWindow { id: JobId(251), opened: false, scan: false, predicted: false, receptions: 0 }"
647,811.786,1,0xcc1455b0,0xc323a602,1791197110.161415,Synchronized,121,RxWindow,"RxWindow { id: JobId(252), opened: true, scan: false, predicted: false, receptions: 0 }"
648,813.677,1,0xcc1455b0,0xc323a602,1791197112.05226,Synchronized,121,NeighbourChanged,"NeighbourChanged { node: NodeId(941614212), boot: BootId(1503990173), discovered: false, boot_changed: false, base_station: false, count: 1 }"
649,813.677,1,0xcc1455b0,0xc323a602,1791197112.052296,Synchronized,121,Rx,"Rx { frame_type: Presence, source: NodeId(941614212), source_boot: BootId(1503990173), sequence: Sequence(32), epoch: Some(Epoch(29853285)), expected_slot: Some(13), class: Outside, rssi_dbm_x2: -80, snr_db_x4: Some(58), valid: true }"
650,813.677,1,0xcc1455b0,0xc323a602,1791197112.052346,Synchronized,121,RxWindow,"RxWindow { id: JobId(253), opened: true, scan: false, predicted: false, receptions: 1 }"
651,816.896,1,0xcc1455b0,0xc323a602,1791197115.271547,Synchronized,121,RxWindow,"RxWindow { id: JobId(253), opened: false, scan: false, predicted: false, receptions: 1 }"
652,816.896,1,0xcc1455b0,0xc323a602,1791197115.271637,Synchronized,121,RxWindow,"RxWindow { id: JobId(254), opened: true, scan: false, predicted: false, receptions: 0 }"
653,822.006,1,0xcc1455b0,0xc323a602,1791197120.381767,Synchronized,170,RxWindow,"RxWindow { id: JobId(254), opened: false, scan: false, predicted: false, receptions: 0 }"
654,822.006,1,0xcc1455b0,0xc323a602,1791197120.381859,Synchronized,170,RxWindow,"RxWindow { id: JobId(255), opened: true, scan: false, predicted: false, receptions: 0 }"
655,827.116,1,0xcc1455b0,0xc323a602,1791197125.491992,Synchronized,220,RxWindow,"RxWindow { id: JobId(255), opened: false, scan: false, predicted: false, receptions: 0 }"
656,827.116,1,0xcc1455b0,0xc323a602,1791197125.492085,Synchronized,220,RxWindow,"RxWindow { id: JobId(256), opened: true, scan: false, predicted: false, receptions: 0 }"
657,827.525,1,0xcc1455b0,0xc323a602,1791197125.900258,Synchronized,220,RxWindow,"RxWindow { id: JobId(256), opened: false, scan: false, predicted: false, receptions: 0 }"
658,827.525,1,0xcc1455b0,0xc323a602,1791197125.900351,Synchronized,220,RxWindow,"RxWindow { id: JobId(257), opened: true, scan: false, predicted: false, receptions: 0 }"
659,827.696,1,0xcc1455b0,0xc323a602,1791197126.071522,Synchronized,220,TxCompleted,"TxCompleted { id: JobId(244), epoch: Epoch(29853285), purpose: Heartbeat, slot: 26, sequence: Sequence(27) }"
660,827.696,1,0xcc1455b0,0xc323a602,1791197126.071584,Synchronized,220,RadioFailure,"RadioFailure { id: JobId(257), error: Schedule(MissedSlot) }"
661,827.696,1,0xcc1455b0,0xc323a602,1791197126.071677,Synchronized,220,RxWindow,"RxWindow { id: JobId(258), opened: true, scan: false, predicted: false, receptions: 0 }"
662,832.806,1,0xcc1455b0,0xc323a602,1791197131.181803,Synchronized,270,RxWindow,"RxWindow { id: JobId(258), opened: false, scan: false, predicted: false, receptions: 0 }"
663,832.806,1,0xcc1455b0,0xc323a602,1791197131.181898,Synchronized,270,RxWindow,"RxWindow { id: JobId(259), opened: true, scan: false, predicted: false, receptions: 0 }"
664,837.916,1,0xcc1455b0,0xc323a602,1791197136.292024,Synchronized,330,RxWindow,"RxWindow { id: JobId(259), opened: false, scan: false, predicted: false, receptions: 0 }"
665,837.916,1,0xcc1455b0,0xc323a602,1791197136.29212,Synchronized,330,RxWindow,"RxWindow { id: JobId(260), opened: true, scan: false, predicted: false, receptions: 0 }"
666,838.697,1,0xcc1455b0,0xc323a602,1791197137.072897,Synchronized,330,Rx,"Rx { frame_type: Heartbeat, source: NodeId(941614212), source_boot: BootId(1503990173), sequence: Sequence(33), epoch: Some(Epoch(29853285)), expected_slot: Some(38), class: Outside, rssi_dbm_x2: -104, snr_db_x4: Some(61), valid: true }"
667,838.697,1,0xcc1455b0,0xc323a602,1791197137.072951,Synchronized,330,RxWindow,"RxWindow { id: JobId(261), opened: true, scan: false, predicted: false, receptions: 1 }"
668,841.624,1,0xcc1455b0,0xc323a602,1791197140.000016,Synchronized,360,NeighbourTable,"NeighbourTable { epoch: Epoch(29853285), count: 1 }"
669,841.624,2,0xcc1455b0,0xc323a602,1791197140.000055,Synchronized,360,NeighbourEntry,"NeighbourEntry { epoch: Epoch(29853285), index: 0, node: NodeId(941614212), boot: BootId(1503990173), base_station: false, schedule_version: 2, last_seen_utc: UtcTimestamp { seconds: 1791197137, microseconds: 71844 }, location: Some(CompactLocation { latitude_e7: 519302433, longitude_e7: -12484183 }), location_uncertainty_meters: None, rssi_dbm_x2: Some(-104), snr_db_x4: Some(61), received_packets: 25, failed_packets: 0 }"
670,841.624,2,0xcc1455b0,0xc323a602,1791197140.000099,Synchronized,360,Summary,"Summary { epoch: Epoch(29853285), mode: Receiving, radio: RadioServiceStats { frames_tx: 28, frames_rx: 25, heartbeat_tx: 14, presence_tx: 14, presence_rx: 11, malformed_frames: 0, unsupported_frames: 3, schedule_misses: 25, scheduler_conflicts: 0, queue_drops: 0, neighbour_count: 1, radio_errors: 0 }, heartbeat_rx: 14, unknown_heartbeat_rx: 0, predicted_rx: 0, predicted_misses: 0, scan_rx: 0, outside_rx: 25, unverifiable_rx: 0, application_malformed: 0, diagnostic_drops: 0, logging_drops: 0, logging_truncations: 0 }"
671,841.624,1,0xcc1455b0,0xc323a602,1791197140.00032,Synchronized,360,TxSubmitted,"TxSubmitted { id: JobId(262), epoch: Epoch(29853286), purpose: Presence, slot: 10, sequence: Sequence(28) }"
672,841.625,1,0xcc1455b0,0xc323a602,1791197140.000433,Synchronized,360,TxSubmitted,"TxSubmitted { id: JobId(263), epoch: Epoch(29853286), purpose: Heartbeat, slot: 21, sequence: Sequence(29) }"
673,841.625,1,0xcc1455b0,0xc323a602,1791197140.000508,Synchronized,360,EpochScheduled,"EpochScheduled { epoch: Epoch(29853286), scan: true, presence_slot: 10, heartbeat_slot: 21, receive_windows: 1 }"
674,843.026,1,0xcc1455b0,0xc323a602,1791197141.40232,Synchronized,380,RxWindow,"RxWindow { id: JobId(261), opened: false, scan: false, predicted: false, receptions: 1 }"
675,843.027,1,0xcc1455b0,0xc323a602,1791197141.402416,Synchronized,380,RxWindow,"RxWindow { id: JobId(264), opened: true, scan: false, predicted: false, receptions: 0 }"
676,848.137,1,0xcc1455b0,0xc323a602,1791197146.512546,Synchronized,430,RxWindow,"RxWindow { id: JobId(264), opened: false, scan: false, predicted: false, receptions: 0 }"
677,848.137,1,0xcc1455b0,0xc323a602,1791197146.512642,Synchronized,430,RxWindow,"RxWindow { id: JobId(265), opened: true, scan: false, predicted: false, receptions: 0 }"
678,851.84,1,0xcc1455b0,0xc323a602,1791197150.216167,Synchronized,470,TimeCalibration,"TimeCalibration { status: Synchronized, source: GpsPps, uncertainty_us: 470, accepted_anchors: 657, rejected_anchors: 33, calibration_samples: 11, calibration_locked: true, calibrated_error_ppb: 10860 }"
679,852.838,1,0xcc1455b0,0xc323a602,1791197151.214133,Synchronized,480,TimeCalibration,"TimeCalibration { status: Synchronized, source: GpsPps, uncertainty_us: 480, accepted_anchors: 657, rejected_anchors: 34, calibration_samples: 11, calibration_locked: true, calibrated_error_ppb: 10860 }"
680,853.247,1,0xcc1455b0,0xc323a602,1791197151.622771,Synchronized,480,RxWindow,"RxWindow { id: JobId(265), opened: false, scan: false, predicted: false, receptions: 0 }"
681,853.247,1,0xcc1455b0,0xc323a602,1791197151.622867,Synchronized,480,RxWindow,"RxWindow { id: JobId(266), opened: true, scan: false, predicted: false, receptions: 0 }"
682,853.839,1,0xcc1455b0,0xc323a602,1791197152.21533,Synchronized,490,TimeCalibration,"TimeCalibration { status: Synchronized, source: GpsPps, uncertainty_us: 490, accepted_anchors: 657, rejected_anchors: 35, calibration_samples: 11, calibration_locked: true, calibrated_error_ppb: 10860 }"
683,854.842,1,0xcc1455b0,0xc323a602,1791197153.217544,Synchronized,500,TimeCalibration,"TimeCalibration { status: Synchronized, source: GpsPps, uncertainty_us: 500, accepted_anchors: 657, rejected_anchors: 36, calibration_samples: 11, calibration_locked: true, calibrated_error_ppb: 10860 }"
684,855.849,1,0xcc1455b0,0xc323a602,1791197154.225409,Synchronized,510,TimeCalibration,"TimeCalibration { status: Synchronized, source: GpsPps, uncertainty_us: 510, accepted_anchors: 657, rejected_anchors: 37, calibration_samples: 11, calibration_locked: true, calibrated_error_ppb: 10860 }"
685,856.847,1,0xcc1455b0,0xc323a602,1791197155.223389,Synchronized,520,TimeCalibration,"TimeCalibration { status: Synchronized, source: GpsPps, uncertainty_us: 520, accepted_anchors: 657, rejected_anchors: 38, calibration_samples: 11, calibration_locked: true, calibrated_error_ppb: 10860 }"
686,857.87,1,0xcc1455b0,0xc323a602,1791197156.246161,Synchronized,530,TimeCalibration,"TimeCalibration { status: Synchronized, source: GpsPps, uncertainty_us: 530, accepted_anchors: 657, rejected_anchors: 39, calibration_samples: 11, calibration_locked: true, calibrated_error_ppb: 10860 }"
687,858.357,1,0xcc1455b0,0xc323a602,1791197156.732997,Synchronized,530,RxWindow,"RxWindow { id: JobId(266), opened: false, scan: false, predicted: false, receptions: 0 }"
688,858.357,1,0xcc1455b0,0xc323a602,1791197156.733095,Synchronized,530,RxWindow,"RxWindow { id: JobId(267), opened: true, scan: false, predicted: false, receptions: 0 }"
689,858.872,1,0xcc1455b0,0xc323a602,1791197157.248257,Synchronized,540,TimeCalibration,"TimeCalibration { status: Synchronized, source: GpsPps, uncertainty_us: 540, accepted_anchors: 657, rejected_anchors: 40, calibration_samples: 11, calibration_locked: true, calibrated_error_ppb: 10860 }"
690,859.873,1,0xcc1455b0,0xc323a602,1791197158.249125,Synchronized,550,TimeCalibration,"TimeCalibration { status: Synchronized, source: GpsPps, uncertainty_us: 550, accepted_anchors: 657, rejected_anchors: 41, calibration_samples: 11, calibration_locked: true, calibrated_error_ppb: 10860 }"
691,860.875,1,0xcc1455b0,0xc323a602,1791197159.251371,Synchronized,560,TimeCalibration,"TimeCalibration { status: Synchronized, source: GpsPps, uncertainty_us: 560, accepted_anchors: 657, rejected_anchors: 42, calibration_samples: 11, calibration_locked: true, calibrated_error_ppb: 10860 }"
692,861.874,1,0xcc1455b0,0xc323a602,1791197160.250379,Synchronized,570,TimeCalibration,"TimeCalibration { status: Synchronized, source: GpsPps, uncertainty_us: 570, accepted_anchors: 657, rejected_anchors: 43, calibration_samples: 11, calibration_locked: true, calibrated_error_ppb: 10860 }"
693,862.875,1,0xcc1455b0,0xc323a602,1791197161.251384,Synchronized,580,TimeCalibration,"TimeCalibration { status: Synchronized, source: GpsPps, uncertainty_us: 580, accepted_anchors: 657, rejected_anchors: 44, calibration_samples: 11, calibration_locked: true, calibrated_error_ppb: 10860 }"
694,863.467,1,0xcc1455b0,0xc323a602,1791197161.843223,Synchronized,580,RxWindow,"RxWindow { id: JobId(267), opened: false, scan: false, predicted: false, receptions: 0 }"
695,863.467,1,0xcc1455b0,0xc323a602,1791197161.843321,Synchronized,580,RxWindow,"RxWindow { id: JobId(268), opened: true, scan: false, predicted: false, receptions: 0 }"
696,863.878,1,0xcc1455b0,0xc323a602,1791197162.254154,Synchronized,590,TimeCalibration,"TimeCalibration { status: Synchronized, source: GpsPps, uncertainty_us: 590, accepted_anchors: 657, rejected_anchors: 45, calibration_samples: 11, calibration_locked: true, calibrated_error_ppb: 10860 }"
697,864.892,1,0xcc1455b0,0xc323a602,1791197163.268466,Synchronized,600,TimeCalibration,"TimeCalibration { status: Synchronized, source: GpsPps, uncertainty_us: 600, accepted_anchors: 657, rejected_anchors: 46, calibration_samples: 11, calibration_locked: true, calibrated_error_ppb: 10860 }"
698,865.892,1,0xcc1455b0,0xc323a602,1791197164.268452,Synchronized,610,TimeCalibration,"TimeCalibration { status: Synchronized, source: GpsPps, uncertainty_us: 610, accepted_anchors: 657, rejected_anchors: 47, calibration_samples: 11, calibration_locked: true, calibrated_error_ppb: 10860 }"
699,866.892,1,0xcc1455b0,0xc323a602,1791197165.268575,Synchronized,620,TimeCalibration,"TimeCalibration { status: Synchronized, source: GpsPps, uncertainty_us: 620, accepted_anchors: 657, rejected_anchors: 48, calibration_samples: 11, calibration_locked: true, calibrated_error_ppb: 10860 }"
700,866.992,1,0xcc1455b0,0xc323a602,1791197165.368437,Synchronized,620,LocationStatus,"LocationStatus { valid: true, latitude_e7: 519302983, longitude_e7: -12484666, fixes_seen: 1440, fixes_used: 9, satellites: Some(8), hdop_centi: Some(178), uncertainty_meters: Some(8) }"
701,867.892,1,0xcc1455b0,0xc323a602,1791197166.268553,Synchronized,630,TimeCalibration,"TimeCalibration { status: Synchronized, source: GpsPps, uncertainty_us: 630, accepted_anchors: 657, rejected_anchors: 49, calibration_samples: 11, calibration_locked: true, calibrated_error_ppb: 10860 }"
702,868.577,1,0xcc1455b0,0xc323a602,1791197166.95345,Synchronized,630,RxWindow,"RxWindow { id: JobId(268), opened: false, scan: false, predicted: false, receptions: 0 }"
703,868.577,1,0xcc1455b0,0xc323a602,1791197166.953548,Synchronized,630,RxWindow,"RxWindow { id: JobId(269), opened: true, scan: false, predicted: false, receptions: 0 }"
704,868.893,1,0xcc1455b0,0xc323a602,1791197167.268691,Synchronized,640,TimeCalibration,"TimeCalibration { status: Synchronized, source: GpsPps, uncertainty_us: 640, accepted_anchors: 657, rejected_anchors: 50, calibration_samples: 11, calibration_locked: true, calibrated_error_ppb: 10860 }"
705,869.892,1,0xcc1455b0,0xc323a602,1791197168.268645,Synchronized,650,TimeCalibration,"TimeCalibration { status: Synchronized, source: GpsPps, uncertainty_us: 650, accepted_anchors: 657, rejected_anchors: 51, calibration_samples: 11, calibration_locked: true, calibrated_error_ppb: 10860 }"
706,871.524,1,0xcc1455b0,0xc323a602,1791197169.900263,Synchronized,120,RxWindow,"RxWindow { id: JobId(269), opened: false, scan: false, predicted: false, receptions: 0 }"
707,871.524,1,0xcc1455b0,0xc323a602,1791197169.900351,Synchronized,120,RxWindow,"RxWindow { id: JobId(270), opened: true, scan: false, predicted: false, receptions: 0 }"
708,871.675,1,0xcc1455b0,0xc323a602,1791197170.051047,Synchronized,120,TxCompleted,"TxCompleted { id: JobId(262), epoch: Epoch(29853286), purpose: Presence, slot: 10, sequence: Sequence(28) }"
709,871.675,1,0xcc1455b0,0xc323a602,1791197170.051107,Synchronized,120,RadioFailure,"RadioFailure { id: JobId(270), error: Schedule(MissedSlot) }"
710,871.675,1,0xcc1455b0,0xc323a602,1791197170.051195,Synchronized,120,RxWindow,"RxWindow { id: JobId(271), opened: true, scan: false, predicted: false, receptions: 0 }"
711,872.894,1,0xcc1455b0,0xc323a602,1791197171.270546,Synchronized,120,TimeCalibration,"TimeCalibration { status: Synchronized, source: GpsPps, uncertainty_us: 120, accepted_anchors: 660, rejected_anchors: 51, calibration_samples: 11, calibration_locked: true, calibrated_error_ppb: 10860 }"
712,876.785,1,0xcc1455b0,0xc323a602,1791197175.161327,Synchronized,119,RxWindow,"RxWindow { id: JobId(271), opened: false, scan: false, predicted: false, receptions: 0 }"
713,876.785,1,0xcc1455b0,0xc323a602,1791197175.161416,Synchronized,119,RxWindow,"RxWindow { id: JobId(272), opened: true, scan: false, predicted: false, receptions: 0 }"
714,878.676,1,0xcc1455b0,0xc323a602,1791197177.052261,Synchronized,119,NeighbourChanged,"NeighbourChanged { node: NodeId(941614212), boot: BootId(1503990173), discovered: false, boot_changed: false, base_station: false, count: 1 }"
715,878.676,1,0xcc1455b0,0xc323a602,1791197177.052297,Synchronized,119,Rx,"Rx { frame_type: Presence, source: NodeId(941614212), source_boot: BootId(1503990173), sequence: Sequence(34), epoch: Some(Epoch(29853286)), expected_slot: Some(18), class: Outside, rssi_dbm_x2: -108, snr_db_x4: Some(63), valid: true }"
716,878.676,1,0xcc1455b0,0xc323a602,1791197177.052347,Synchronized,119,RxWindow,"RxWindow { id: JobId(273), opened: true, scan: false, predicted: false, receptions: 1 }"
717,881.895,1,0xcc1455b0,0xc323a602,1791197180.271548,Synchronized,128,RxWindow,"RxWindow { id: JobId(273), opened: false, scan: false, predicted: false, receptions: 1 }"
718,881.895,1,0xcc1455b0,0xc323a602,1791197180.271638,Synchronized,128,RxWindow,"RxWindow { id: JobId(274), opened: true, scan: false, predicted: false, receptions: 0 }"
719,882.524,1,0xcc1455b0,0xc323a602,1791197180.900259,Synchronized,128,RxWindow,"RxWindow { id: JobId(274), opened: false, scan: false, predicted: false, receptions: 0 }"
720,882.524,1,0xcc1455b0,0xc323a602,1791197180.900353,Synchronized,128,RxWindow,"RxWindow { id: JobId(275), opened: true, scan: false, predicted: false, receptions: 0 }"
721,882.695,1,0xcc1455b0,0xc323a602,1791197181.071525,Synchronized,128,TxCompleted,"TxCompleted { id: JobId(263), epoch: Epoch(29853286), purpose: Heartbeat, slot: 21, sequence: Sequence(29) }"
722,882.695,1,0xcc1455b0,0xc323a602,1791197181.071585,Synchronized,128,RadioFailure,"RadioFailure { id: JobId(275), error: Schedule(MissedSlot) }"
723,882.695,1,0xcc1455b0,0xc323a602,1791197181.071674,Synchronized,128,RxWindow,"RxWindow { id: JobId(276), opened: true, scan: false, predicted: false, receptions: 0 }"
724,887.805,1,0xcc1455b0,0xc323a602,1791197186.181802,Synchronized,178,RxWindow,"RxWindow { id: JobId(276), opened: false, scan: false, predicted: false, receptions: 0 }"
725,887.806,1,0xcc1455b0,0xc323a602,1791197186.181895,Synchronized,178,RxWindow,"RxWindow { id: JobId(277), opened: true, scan: false, predicted: false, receptions: 0 }"
726,892.916,1,0xcc1455b0,0xc323a602,1791197191.292021,Synchronized,238,RxWindow,"RxWindow { id: JobId(277), opened: false, scan: false, predicted: false, receptions: 0 }"
727,892.916,1,0xcc1455b0,0xc323a602,1791197191.292115,Synchronized,238,RxWindow,"RxWindow { id: JobId(278), opened: true, scan: false, predicted: false, receptions: 0 }"
728,893.696,1,0xcc1455b0,0xc323a602,1791197192.072896,Synchronized,238,Rx,"Rx { frame_type: Heartbeat, source: NodeId(941614212), source_boot: BootId(1503990173), sequence: Sequence(35), epoch: Some(Epoch(29853286)), expected_slot: Some(33), class: Outside, rssi_dbm_x2: -94, snr_db_x4: Some(59), valid: true }"
729,893.697,1,0xcc1455b0,0xc323a602,1791197192.072949,Synchronized,238,RxWindow,"RxWindow { id: JobId(279), opened: true, scan: false, predicted: false, receptions: 1 }"
730,898.026,1,0xcc1455b0,0xc323a602,1791197196.402242,Synchronized,288,RxWindow,"RxWindow { id: JobId(279), opened: false, scan: false, predicted: false, receptions: 1 }"
731,898.026,1,0xcc1455b0,0xc323a602,1791197196.402336,Synchronized,288,RxWindow,"RxWindow { id: JobId(280), opened: true, scan: false, predicted: false, receptions: 0 }"
732,901.623,1,0xcc1455b0,0xc323a602,1791197200.000016,Synchronized,318,NeighbourTable,"NeighbourTable { epoch: Epoch(29853286), count: 1 }"
733,901.624,2,0xcc1455b0,0xc323a602,1791197200.000054,Synchronized,318,NeighbourEntry,"NeighbourEntry { epoch: Epoch(29853286), index: 0, node: NodeId(941614212), boot: BootId(1503990173), base_station: false, schedule_version: 2, last_seen_utc: UtcTimestamp { seconds: 1791197192, microseconds: 71844 }, location: Some(CompactLocation { latitude_e7: 519302700, longitude_e7: -12483983 }), location_uncertainty_meters: None, rssi_dbm_x2: Some(-94), snr_db_x4: Some(59), received_packets: 27, failed_packets: 0 }"
734,901.624,2,0xcc1455b0,0xc323a602,1791197200.000092,Synchronized,318,Summary,"Summary { epoch: Epoch(29853286), mode: Receiving, radio: RadioServiceStats { frames_tx: 30, frames_rx: 27, heartbeat_tx: 15, presence_tx: 15, presence_rx: 12, malformed_frames: 0, unsupported_frames: 3, schedule_misses: 27, scheduler_conflicts: 0, queue_drops: 0, neighbour_count: 1, radio_errors: 0 }, heartbeat_rx: 15, unknown_heartbeat_rx: 0, predicted_rx: 0, predicted_misses: 0, scan_rx: 0, outside_rx: 27, unverifiable_rx: 0, application_malformed: 0, diagnostic_drops: 0, logging_drops: 0, logging_truncations: 0 }"
735,901.624,1,0xcc1455b0,0xc323a602,1791197200.000309,Synchronized,318,TxSubmitted,"TxSubmitted { id: JobId(281), epoch: Epoch(29853287), purpose: Presence, slot: 15, sequence: Sequence(30) }"
736,901.624,1,0xcc1455b0,0xc323a602,1791197200.000421,Synchronized,318,TxSubmitted,"TxSubmitted { id: JobId(282), epoch: Epoch(29853287), purpose: Heartbeat, slot: 36, sequence: Sequence(31) }"
737,901.624,1,0xcc1455b0,0xc323a602,1791197200.000495,Synchronized,318,EpochScheduled,"EpochScheduled { epoch: Epoch(29853287), scan: true, presence_slot: 15, heartbeat_slot: 36, receive_windows: 1 }"
738,903.136,1,0xcc1455b0,0xc323a602,1791197201.512537,Synchronized,338,RxWindow,"RxWindow { id: JobId(280), opened: false, scan: false, predicted: false, receptions: 0 }"
739,903.136,1,0xcc1455b0,0xc323a602,1791197201.512633,Synchronized,338,RxWindow,"RxWindow { id: JobId(283), opened: true, scan: false, predicted: false, receptions: 0 }"
740,908.246,1,0xcc1455b0,0xc323a602,1791197206.622763,Synchronized,388,RxWindow,"RxWindow { id: JobId(283), opened: false, scan: false, predicted: false, receptions: 0 }"
741,908.246,1,0xcc1455b0,0xc323a602,1791197206.622859,Synchronized,388,RxWindow,"RxWindow { id: JobId(284), opened: true, scan: false, predicted: false, receptions: 0 }"
742,913.356,1,0xcc1455b0,0xc323a602,1791197211.732988,Synchronized,438,RxWindow,"RxWindow { id: JobId(284), opened: false, scan: false, predicted: false, receptions: 0 }"
743,913.356,1,0xcc1455b0,0xc323a602,1791197211.733084,Synchronized,438,RxWindow,"RxWindow { id: JobId(285), opened: true, scan: false, predicted: false, receptions: 0 }"
744,915.23,1,0xcc1455b0,0xc323a602,1791197213.606776,Synchronized,462,TimeCalibration,"TimeCalibration { status: Synchronized, source: GpsPps, uncertainty_us: 462, accepted_anchors: 668, rejected_anchors: 52, calibration_samples: 11, calibration_locked: true, calibrated_error_ppb: 10860 }"
745,916.23,1,0xcc1455b0,0xc323a602,1791197214.606601,Synchronized,472,TimeCalibration,"TimeCalibration { status: Synchronized, source: GpsPps, uncertainty_us: 472, accepted_anchors: 668, rejected_anchors: 53, calibration_samples: 11, calibration_locked: true, calibrated_error_ppb: 10860 }"
746,917.229,1,0xcc1455b0,0xc323a602,1791197215.605699,Synchronized,482,TimeCalibration,"TimeCalibration { status: Synchronized, source: GpsPps, uncertainty_us: 482, accepted_anchors: 668, rejected_anchors: 54, calibration_samples: 11, calibration_locked: true, calibrated_error_ppb: 10860 }"
747,918.242,1,0xcc1455b0,0xc323a602,1791197216.618948,Synchronized,492,TimeCalibration,"TimeCalibration { status: Synchronized, source: GpsPps, uncertainty_us: 492, accepted_anchors: 668, rejected_anchors: 55, calibration_samples: 11, calibration_locked: true, calibrated_error_ppb: 10860 }"
748,918.467,1,0xcc1455b0,0xc323a602,1791197216.843214,Synchronized,492,RxWindow,"RxWindow { id: JobId(285), opened: false, scan: false, predicted: false, receptions: 0 }"
749,918.467,1,0xcc1455b0,0xc323a602,1791197216.843312,Synchronized,492,RxWindow,"RxWindow { id: JobId(286), opened: true, scan: false, predicted: false, receptions: 0 }"
750,919.242,1,0xcc1455b0,0xc323a602,1791197217.619073,Synchronized,502,TimeCalibration,"TimeCalibration { status: Synchronized, source: GpsPps, uncertainty_us: 502, accepted_anchors: 668, rejected_anchors: 56, calibration_samples: 11, calibration_locked: true, calibrated_error_ppb: 10860 }"
751,919.541,1,0xcc1455b0,0xc323a602,1791197217.91749,Synchronized,502,PacketRejected,PacketRejected { id: JobId(286) }
752,919.541,1,0xcc1455b0,0xc323a602,1791197217.917544,Synchronized,502,RxWindow,"RxWindow { id: JobId(287), opened: true, scan: false, predicted: false, receptions: 0 }"
753,920.044,1,0xcc1455b0,0xc323a602,1791197218.420482,Synchronized,502,PacketRejected,PacketRejected { id: JobId(287) }
754,920.044,1,0xcc1455b0,0xc323a602,1791197218.420536,Synchronized,502,RxWindow,"RxWindow { id: JobId(288), opened: true, scan: false, predicted: false, receptions: 0 }"
755,920.242,1,0xcc1455b0,0xc323a602,1791197218.619055,Synchronized,512,TimeCalibration,"TimeCalibration { status: Synchronized, source: GpsPps, uncertainty_us: 512, accepted_anchors: 668, rejected_anchors: 57, calibration_samples: 11, calibration_locked: true, calibrated_error_ppb: 10860 }"
756,921.242,1,0xcc1455b0,0xc323a602,1791197219.619159,Synchronized,522,TimeCalibration,"TimeCalibration { status: Synchronized, source: GpsPps, uncertainty_us: 522, accepted_anchors: 668, rejected_anchors: 58, calibration_samples: 11, calibration_locked: true, calibrated_error_ppb: 10860 }"
757,922.343,1,0xcc1455b0,0xc323a602,1791197220.719308,Synchronized,533,TimeCalibration,"TimeCalibration { status: Synchronized, source: GpsPps, uncertainty_us: 533, accepted_anchors: 668, rejected_anchors: 59, calibration_samples: 11, calibration_locked: true, calibrated_error_ppb: 10860 }"
758,923.577,1,0xcc1455b0,0xc323a602,1791197221.953441,Synchronized,543,RxWindow,"RxWindow { id: JobId(288), opened: false, scan: false, predicted: false, receptions: 0 }"
759,923.577,1,0xcc1455b0,0xc323a602,1791197221.953538,Synchronized,543,RxWindow,"RxWindow { id: JobId(289), opened: true, scan: false, predicted: false, receptions: 0 }"
760,924.909,1,0xcc1455b0,0xc323a602,1791197223.286063,Synchronized,558,TimeCalibration,"TimeCalibration { status: Synchronized, source: GpsPps, uncertainty_us: 558, accepted_anchors: 668, rejected_anchors: 60, calibration_samples: 11, calibration_locked: true, calibrated_error_ppb: 10860 }"
761,925.91,1,0xcc1455b0,0xc323a602,1791197224.287182,Synchronized,568,TimeCalibration,"TimeCalibration { status: Synchronized, source: GpsPps, uncertainty_us: 568, accepted_anchors: 668, rejected_anchors: 61, calibration_samples: 11, calibration_locked: true, calibrated_error_ppb: 10860 }"
762,926.91,1,0xcc1455b0,0xc323a602,1791197225.287246,Synchronized,578,TimeCalibration,"TimeCalibration { status: Synchronized, source: GpsPps, uncertainty_us: 578, accepted_anchors: 668, rejected_anchors: 62, calibration_samples: 11, calibration_locked: true, calibrated_error_ppb: 10860 }"
763,927.909,1,0xcc1455b0,0xc323a602,1791197226.285372,Synchronized,588,TimeCalibration,"TimeCalibration { status: Synchronized, source: GpsPps, uncertainty_us: 588, accepted_anchors: 668, rejected_anchors: 63, calibration_samples: 11, calibration_locked: true, calibrated_error_ppb: 10860 }"
764,928.687,1,0xcc1455b0,0xc323a602,1791197227.063667,Synchronized,588,RxWindow,"RxWindow { id: JobId(289), opened: false, scan: false, predicted: false, receptions: 0 }"
765,928.687,1,0xcc1455b0,0xc323a602,1791197227.063764,Synchronized,588,RxWindow,"RxWindow { id: JobId(290), opened: true, scan: false, predicted: false, receptions: 0 }"
766,928.911,1,0xcc1455b0,0xc323a602,1791197227.288187,Synchronized,598,TimeCalibration,"TimeCalibration { status: Synchronized, source: GpsPps, uncertainty_us: 598, accepted_anchors: 668, rejected_anchors: 64, calibration_samples: 11, calibration_locked: true, calibrated_error_ppb: 10860 }"
767,929.91,1,0xcc1455b0,0xc323a602,1791197228.286399,Synchronized,608,TimeCalibration,"TimeCalibration { status: Synchronized, source: GpsPps, uncertainty_us: 608, accepted_anchors: 668, rejected_anchors: 65, calibration_samples: 11, calibration_locked: true, calibrated_error_ppb: 10860 }"
768,930.009,1,0xcc1455b0,0xc323a602,1791197228.386292,Synchronized,608,LocationStatus,"LocationStatus { valid: true, latitude_e7: 519302566, longitude_e7: -12485350, fixes_seen: 1500, fixes_used: 9, satellites: Some(10), hdop_centi: Some(127), uncertainty_meters: Some(14) }"
769,930.897,1,0xcc1455b0,0xc323a602,1791197229.273351,Synchronized,618,TimeCalibration,"TimeCalibration { status: Synchronized, source: GpsPps, uncertainty_us: 618, accepted_anchors: 668, rejected_anchors: 66, calibration_samples: 11, calibration_locked: true, calibrated_error_ppb: 10860 }"
770,933.797,1,0xcc1455b0,0xc323a602,1791197232.173893,Synchronized,117,RxWindow,"RxWindow { id: JobId(290), opened: false, scan: false, predicted: false, receptions: 0 }"
771,933.797,1,0xcc1455b0,0xc323a602,1791197232.173981,Synchronized,117,RxWindow,"RxWindow { id: JobId(291), opened: true, scan: false, predicted: false, receptions: 0 }"
772,936.523,1,0xcc1455b0,0xc323a602,1791197234.900264,Synchronized,118,RxWindow,"RxWindow { id: JobId(291), opened: false, scan: false, predicted: false, receptions: 0 }"
773,936.523,1,0xcc1455b0,0xc323a602,1791197234.900352,Synchronized,118,RxWindow,"RxWindow { id: JobId(292), opened: true, scan: false, predicted: false, receptions: 0 }"
774,936.674,1,0xcc1455b0,0xc323a602,1791197235.051048,Synchronized,118,TxCompleted,"TxCompleted { id: JobId(281), epoch: Epoch(29853287), purpose: Presence, slot: 15, sequence: Sequence(30) }"
775,936.674,1,0xcc1455b0,0xc323a602,1791197235.051107,Synchronized,118,RadioFailure,"RadioFailure { id: JobId(292), error: Schedule(MissedSlot) }"
776,936.674,1,0xcc1455b0,0xc323a602,1791197235.051195,Synchronized,118,RxWindow,"RxWindow { id: JobId(293), opened: true, scan: false, predicted: false, receptions: 0 }"
777,941.784,1,0xcc1455b0,0xc323a602,1791197240.161327,Synchronized,116,RxWindow,"RxWindow { id: JobId(293), opened: false, scan: false, predicted: false, receptions: 0 }"
778,941.784,1,0xcc1455b0,0xc323a602,1791197240.161418,Synchronized,116,RxWindow,"RxWindow { id: JobId(294), opened: true, scan: false, predicted: false, receptions: 0 }"
779,946.895,1,0xcc1455b0,0xc323a602,1791197245.271547,Synchronized,136,RxWindow,"RxWindow { id: JobId(294), opened: false, scan: false, predicted: false, receptions: 0 }"
780,946.895,1,0xcc1455b0,0xc323a602,1791197245.271635,Synchronized,136,RxWindow,"RxWindow { id: JobId(295), opened: true, scan: false, predicted: false, receptions: 0 }"
781,948.696,1,0xcc1455b0,0xc323a602,1791197247.072899,Synchronized,156,Rx,"Rx { frame_type: Heartbeat, source: NodeId(941614212), source_boot: BootId(1503990173), sequence: Sequence(37), epoch: Some(Epoch(29853287)), expected_slot: Some(28), class: Outside, rssi_dbm_x2: -98, snr_db_x4: Some(63), valid: true }"
782,948.696,1,0xcc1455b0,0xc323a602,1791197247.072951,Synchronized,156,RxWindow,"RxWindow { id: JobId(296), opened: true, scan: false, predicted: false, receptions: 1 }"
783,952.005,1,0xcc1455b0,0xc323a602,1791197250.381766,Synchronized,196,RxWindow,"RxWindow { id: JobId(296), opened: false, scan: false, predicted: false, receptions: 1 }"
784,952.005,1,0xcc1455b0,0xc323a602,1791197250.381859,Synchronized,196,RxWindow,"RxWindow { id: JobId(297), opened: true, scan: false, predicted: false, receptions: 0 }"
785,957.115,1,0xcc1455b0,0xc323a602,1791197255.491992,Synchronized,246,RxWindow,"RxWindow { id: JobId(297), opened: false, scan: false, predicted: false, receptions: 0 }"
786,957.115,1,0xcc1455b0,0xc323a602,1791197255.492086,Synchronized,246,RxWindow,"RxWindow { id: JobId(298), opened: true, scan: false, predicted: false, receptions: 0 }"
787,957.523,1,0xcc1455b0,0xc323a602,1791197255.900258,Synchronized,246,RxWindow,"RxWindow { id: JobId(298), opened: false, scan: false, predicted: false, receptions: 0 }"
788,957.523,1,0xcc1455b0,0xc323a602,1791197255.900356,Synchronized,246,RxWindow,"RxWindow { id: JobId(299), opened: true, scan: false, predicted: false, receptions: 0 }"
789,957.694,1,0xcc1455b0,0xc323a602,1791197256.071519,Synchronized,246,TxCompleted,"TxCompleted { id: JobId(282), epoch: Epoch(29853287), purpose: Heartbeat, slot: 36, sequence: Sequence(31) }"
790,957.694,1,0xcc1455b0,0xc323a602,1791197256.071581,Synchronized,246,RadioFailure,"RadioFailure { id: JobId(299), error: Schedule(MissedSlot) }"
791,957.695,1,0xcc1455b0,0xc323a602,1791197256.071675,Synchronized,246,RxWindow,"RxWindow { id: JobId(300), opened: true, scan: false, predicted: false, receptions: 0 }"
792,961.623,1,0xcc1455b0,0xc323a602,1791197260.000016,Synchronized,286,NeighbourTable,"NeighbourTable { epoch: Epoch(29853287), count: 1 }"
793,961.623,2,0xcc1455b0,0xc323a602,1791197260.000054,Synchronized,286,NeighbourEntry,"NeighbourEntry { epoch: Epoch(29853287), index: 0, node: NodeId(941614212), boot: BootId(1503990173), base_station: false, schedule_version: 2, last_seen_utc: UtcTimestamp { seconds: 1791197247, microseconds: 71841 }, location: Some(CompactLocation { latitude_e7: 519302316, longitude_e7: -12484200 }), location_uncertainty_meters: None, rssi_dbm_x2: Some(-98), snr_db_x4: Some(63), received_packets: 28, failed_packets: 0 }"
794,961.623,2,0xcc1455b0,0xc323a602,1791197260.000092,Synchronized,286,Summary,"Summary { epoch: Epoch(29853287), mode: Receiving, radio: RadioServiceStats { frames_tx: 32, frames_rx: 28, heartbeat_tx: 16, presence_tx: 16, presence_rx: 12, malformed_frames: 0, unsupported_frames: 3, schedule_misses: 29, scheduler_conflicts: 0, queue_drops: 0, neighbour_count: 1, radio_errors: 0 }, heartbeat_rx: 16, unknown_heartbeat_rx: 0, predicted_rx: 0, predicted_misses: 0, scan_rx: 0, outside_rx: 28, unverifiable_rx: 0, application_malformed: 0, diagnostic_drops: 0, logging_drops: 0, logging_truncations: 0 }"
795,961.623,1,0xcc1455b0,0xc323a602,1791197260.000308,Synchronized,286,TxSubmitted,"TxSubmitted { id: JobId(301), epoch: Epoch(29853288), purpose: Presence, slot: 0, sequence: Sequence(32) }"
796,961.623,1,0xcc1455b0,0xc323a602,1791197260.00042,Synchronized,286,TxSubmitted,"TxSubmitted { id: JobId(302), epoch: Epoch(29853288), purpose: Heartbeat, slot: 31, sequence: Sequence(33) }"
797,961.623,1,0xcc1455b0,0xc323a602,1791197260.000494,Synchronized,286,EpochScheduled,"EpochScheduled { epoch: Epoch(29853288), scan: true, presence_slot: 0, heartbeat_slot: 31, receive_windows: 1 }"
798,962.805,1,0xcc1455b0,0xc323a602,1791197261.181876,Synchronized,296,RxWindow,"RxWindow { id: JobId(300), opened: false, scan: false, predicted: false, receptions: 0 }"
799,962.805,1,0xcc1455b0,0xc323a602,1791197261.18197,Synchronized,296,RxWindow,"RxWindow { id: JobId(303), opened: true, scan: false, predicted: false, receptions: 0 }"
800,967.915,1,0xcc1455b0,0xc323a602,1791197266.2921,Synchronized,346,RxWindow,"RxWindow { id: JobId(303), opened: false, scan: false, predicted: false, receptions: 0 }"
801,967.915,1,0xcc1455b0,0xc323a602,1791197266.292196,Synchronized,346,RxWindow,"RxWindow { id: JobId(304), opened: true, scan: false, predicted: false, receptions: 0 }"
802,973.025,1,0xcc1455b0,0xc323a602,1791197271.402326,Synchronized,406,RxWindow,"RxWindow { id: JobId(304), opened: false, scan: false, predicted: false, receptions: 0 }"
803,973.025,1,0xcc1455b0,0xc323a602,1791197271.402422,Synchronized,406,RxWindow,"RxWindow { id: JobId(305), opened: true, scan: false, predicted: false, receptions: 0 }"
804,978.135,1,0xcc1455b0,0xc323a602,1791197276.512551,Synchronized,456,RxWindow,"RxWindow { id: JobId(305), opened: false, scan: false, predicted: false, receptions: 0 }"
805,978.135,1,0xcc1455b0,0xc323a602,1791197276.512647,Synchronized,456,RxWindow,"RxWindow { id: JobId(306), opened: true, scan: false, predicted: false, receptions: 0 }"
806,978.638,1,0xcc1455b0,0xc323a602,1791197277.015091,Synchronized,463,TimeCalibration,"TimeCalibration { status: Synchronized, source: GpsPps, uncertainty_us: 463, accepted_anchors: 681, rejected_anchors: 67, calibration_samples: 11, calibration_locked: true, calibrated_error_ppb: 10860 }"
807,979.644,1,0xcc1455b0,0xc323a602,1791197278.021395,Synchronized,473,TimeCalibration,"TimeCalibration { status: Synchronized, source: GpsPps, uncertainty_us: 473, accepted_anchors: 681, rejected_anchors: 68, calibration_samples: 11, calibration_locked: true, calibrated_error_ppb: 10860 }"
808,980.641,1,0xcc1455b0,0xc323a602,1791197279.01873,Synchronized,483,TimeCalibration,"TimeCalibration { status: Synchronized, source: GpsPps, uncertainty_us: 483, accepted_anchors: 681, rejected_anchors: 69, calibration_samples: 11, calibration_locked: true, calibrated_error_ppb: 10860 }"
809,981.523,1,0xcc1455b0,0xc323a602,1791197279.900263,Synchronized,483,RxWindow,"RxWindow { id: JobId(306), opened: false, scan: false, predicted: false, receptions: 0 }"
810,981.523,1,0xcc1455b0,0xc323a602,1791197279.900359,Synchronized,483,RxWindow,"RxWindow { id: JobId(307), opened: true, scan: false, predicted: false, receptions: 0 }"
811,981.651,1,0xcc1455b0,0xc323a602,1791197280.028047,Synchronized,493,TimeCalibration,"TimeCalibration { status: Synchronized, source: GpsPps, uncertainty_us: 493, accepted_anchors: 681, rejected_anchors: 70, calibration_samples: 11, calibration_locked: true, calibrated_error_ppb: 10860 }"
812,981.674,1,0xcc1455b0,0xc323a602,1791197280.051048,Synchronized,493,TxCompleted,"TxCompleted { id: JobId(301), epoch: Epoch(29853288), purpose: Presence, slot: 0, sequence: Sequence(32) }"
813,981.674,1,0xcc1455b0,0xc323a602,1791197280.051111,Synchronized,493,RadioFailure,"RadioFailure { id: JobId(307), error: Schedule(MissedSlot) }"
814,981.674,1,0xcc1455b0,0xc323a602,1791197280.051207,Synchronized,493,RxWindow,"RxWindow { id: JobId(308), opened: true, scan: false, predicted: false, receptions: 0 }"
815,982.657,1,0xcc1455b0,0xc323a602,1791197281.033956,Synchronized,503,TimeCalibration,"TimeCalibration { status: Synchronized, source: GpsPps, uncertainty_us: 503, accepted_anchors: 681, rejected_anchors: 71, calibration_samples: 11, calibration_locked: true, calibrated_error_ppb: 10860 }"
816,983.657,1,0xcc1455b0,0xc323a602,1791197282.034572,Synchronized,513,TimeCalibration,"TimeCalibration { status: Synchronized, source: GpsPps, uncertainty_us: 513, accepted_anchors: 681, rejected_anchors: 72, calibration_samples: 11, calibration_locked: true, calibrated_error_ppb: 10860 }"
817,984.656,1,0xcc1455b0,0xc323a602,1791197283.033526,Synchronized,523,TimeCalibration,"TimeCalibration { status: Synchronized, source: GpsPps, uncertainty_us: 523, accepted_anchors: 681, rejected_anchors: 73, calibration_samples: 11, calibration_locked: true, calibrated_error_ppb: 10860 }"
818,985.657,1,0xcc1455b0,0xc323a602,1791197284.034482,Synchronized,533,TimeCalibration,"TimeCalibration { status: Synchronized, source: GpsPps, uncertainty_us: 533, accepted_anchors: 681, rejected_anchors: 74, calibration_samples: 11, calibration_locked: true, calibrated_error_ppb: 10860 }"
819,986.784,1,0xcc1455b0,0xc323a602,1791197285.161334,Synchronized,543,RxWindow,"RxWindow { id: JobId(308), opened: false, scan: false, predicted: false, receptions: 0 }"
820,986.784,1,0xcc1455b0,0xc323a602,1791197285.161432,Synchronized,543,RxWindow,"RxWindow { id: JobId(309), opened: true, scan: false, predicted: false, receptions: 0 }"
821,986.873,1,0xcc1455b0,0xc323a602,1791197285.250665,Synchronized,545,TimeCalibration,"TimeCalibration { status: Synchronized, source: GpsPps, uncertainty_us: 545, accepted_anchors: 681, rejected_anchors: 75, calibration_samples: 11, calibration_locked: true, calibrated_error_ppb: 10860 }"
822,987.874,1,0xcc1455b0,0xc323a602,1791197286.251881,Synchronized,555,TimeCalibration,"TimeCalibration { status: Synchronized, source: GpsPps, uncertainty_us: 555, accepted_anchors: 681, rejected_anchors: 76, calibration_samples: 11, calibration_locked: true, calibrated_error_ppb: 10860 }"
823,988.675,1,0xcc1455b0,0xc323a602,1791197287.052266,Synchronized,555,NeighbourChanged,"NeighbourChanged { node: NodeId(941614212), boot: BootId(1503990173), discovered: false, boot_changed: false, base_station: false, count: 1 }"
824,988.675,1,0xcc1455b0,0xc323a602,1791197287.052306,Synchronized,555,Rx,"Rx { frame_type: Presence, source: NodeId(941614212), source_boot: BootId(1503990173), sequence: Sequence(38), epoch: Some(Epoch(29853288)), expected_slot: Some(8), class: Outside, rssi_dbm_x2: -96, snr_db_x4: Some(64), valid: true }"
825,988.675,1,0xcc1455b0,0xc323a602,1791197287.052361,Synchronized,555,RxWindow,"RxWindow { id: JobId(310), opened: true, scan: false, predicted: false, receptions: 1 }"
826,988.878,1,0xcc1455b0,0xc323a602,1791197287.255185,Synchronized,565,TimeCalibration,"TimeCalibration { status: Synchronized, source: GpsPps, uncertainty_us: 565, accepted_anchors: 681, rejected_anchors: 77, calibration_samples: 11, calibration_locked: true, calibrated_error_ppb: 10860 }"
827,989.882,1,0xcc1455b0,0xc323a602,1791197288.259221,Synchronized,575,TimeCalibration,"TimeCalibration { status: Synchronized, source: GpsPps, uncertainty_us: 575, accepted_anchors: 681, rejected_anchors: 78, calibration_samples: 11, calibration_locked: true, calibrated_error_ppb: 10860 }"
828,990.88,1,0xcc1455b0,0xc323a602,1791197289.257451,Synchronized,585,TimeCalibration,"TimeCalibration { status: Synchronized, source: GpsPps, uncertainty_us: 585, accepted_anchors: 681, rejected_anchors: 79, calibration_samples: 11, calibration_locked: true, calibrated_error_ppb: 10860 }"
829,991.887,1,0xcc1455b0,0xc323a602,1791197290.264572,Synchronized,595,TimeCalibration,"TimeCalibration { status: Synchronized, source: GpsPps, uncertainty_us: 595, accepted_anchors: 681, rejected_anchors: 80, calibration_samples: 11, calibration_locked: true, calibrated_error_ppb: 10860 }"
830,991.894,1,0xcc1455b0,0xc323a602,1791197290.271559,Synchronized,595,RxWindow,"RxWindow { id: JobId(310), opened: false, scan: false, predicted: false, receptions: 1 }"
831,991.894,1,0xcc1455b0,0xc323a602,1791197290.271657,Synchronized,595,RxWindow,"RxWindow { id: JobId(311), opened: true, scan: false, predicted: false, receptions: 0 }"
832,992.881,1,0xcc1455b0,0xc323a602,1791197291.258438,Synchronized,605,TimeCalibration,"TimeCalibration { status: Synchronized, source: GpsPps, uncertainty_us: 605, accepted_anchors: 681, rejected_anchors: 81, calibration_samples: 11, calibration_locked: true, calibrated_error_ppb: 10860 }"
833,992.981,1,0xcc1455b0,0xc323a602,1791197291.358292,Synchronized,605,LocationStatus,"LocationStatus { valid: true, latitude_e7: 519302283, longitude_e7: -12485116, fixes_seen: 1560, fixes_used: 9, satellites: Some(7), hdop_centi: Some(154), uncertainty_meters: Some(12) }"
834,997.004,1,0xcc1455b0,0xc323a602,1791197295.381783,Synchronized,115,RxWindow,"RxWindow { id: JobId(311), opened: false, scan: false, predicted: false, receptions: 0 }"
835,997.004,1,0xcc1455b0,0xc323a602,1791197295.381869,Synchronized,115,RxWindow,"RxWindow { id: JobId(312), opened: true, scan: false, predicted: false, receptions: 0 }"
836,1002.114,1,0xcc1455b0,0xc323a602,1791197300.492002,Synchronized,114,RxWindow,"RxWindow { id: JobId(312), opened: false, scan: false, predicted: false, receptions: 0 }"
837,1002.114,1,0xcc1455b0,0xc323a602,1791197300.492092,Synchronized,114,RxWindow,"RxWindow { id: JobId(313), opened: true, scan: false, predicted: false, receptions: 0 }"
838,1003.695,1,0xcc1455b0,0xc323a602,1791197302.072895,Synchronized,114,Rx,"Rx { frame_type: Heartbeat, source: NodeId(941614212), source_boot: BootId(1503990173), sequence: Sequence(39), epoch: Some(Epoch(29853288)), expected_slot: Some(23), class: Outside, rssi_dbm_x2: -96, snr_db_x4: Some(64), valid: true }"
839,1003.695,1,0xcc1455b0,0xc323a602,1791197302.072945,Synchronized,114,RxWindow,"RxWindow { id: JobId(314), opened: true, scan: false, predicted: false, receptions: 1 }"
840,1007.225,1,0xcc1455b0,0xc323a602,1791197305.602221,Synchronized,114,RxWindow,"RxWindow { id: JobId(314), opened: false, scan: false, predicted: false, receptions: 1 }"
841,1007.225,1,0xcc1455b0,0xc323a602,1791197305.602311,Synchronized,114,RxWindow,"RxWindow { id: JobId(315), opened: true, scan: false, predicted: false, receptions: 0 }"
842,1012.335,1,0xcc1455b0,0xc323a602,1791197310.712447,Synchronized,155,RxWindow,"RxWindow { id: JobId(315), opened: false, scan: false, predicted: false, receptions: 0 }"
843,1012.694,1,0xcc1455b0,0xc323a602,1791197311.071502,Synchronized,155,TxCompleted,"TxCompleted { id: JobId(302), epoch: Epoch(29853288), purpose: Heartbeat, slot: 31, sequence: Sequence(33) }"
844,1012.694,1,0xcc1455b0,0xc323a602,1791197311.071594,Synchronized,155,RxWindow,"RxWindow { id: JobId(316), opened: true, scan: false, predicted: false, receptions: 0 }"
845,1017.804,1,0xcc1455b0,0xc323a602,1791197316.181721,Synchronized,205,RxWindow,"RxWindow { id: JobId(316), opened: false, scan: false, predicted: false, receptions: 0 }"
846,1017.804,1,0xcc1455b0,0xc323a602,1791197316.181814,Synchronized,205,RxWindow,"RxWindow { id: JobId(317), opened: true, scan: false, predicted: false, receptions: 0 }"
847,1021.622,1,0xcc1455b0,0xc323a602,1791197320.000017,Synchronized,245,NeighbourTable,"NeighbourTable { epoch: Epoch(29853288), count: 1 }"
848,1021.622,2,0xcc1455b0,0xc323a602,1791197320.000055,Synchronized,245,NeighbourEntry,"NeighbourEntry { epoch: Epoch(29853288), index: 0, node: NodeId(941614212), boot: BootId(1503990173), base_station: false, schedule_version: 2, last_seen_utc: UtcTimestamp { seconds: 1791197302, microseconds: 71844 }, location: Some(CompactLocation { latitude_e7: 519302383, longitude_e7: -12483966 }), location_uncertainty_meters: None, rssi_dbm_x2: Some(-96), snr_db_x4: Some(64), received_packets: 30, failed_packets: 0 }"
849,1021.622,2,0xcc1455b0,0xc323a602,1791197320.000093,Synchronized,245,Summary,"Summary { epoch: Epoch(29853288), mode: Receiving, radio: RadioServiceStats { frames_tx: 34, frames_rx: 30, heartbeat_tx: 17, presence_tx: 17, presence_rx: 13, malformed_frames: 0, unsupported_frames: 3, schedule_misses: 30, scheduler_conflicts: 0, queue_drops: 0, neighbour_count: 1, radio_errors: 0 }, heartbeat_rx: 17, unknown_heartbeat_rx: 0, predicted_rx: 0, predicted_misses: 0, scan_rx: 0, outside_rx: 30, unverifiable_rx: 0, application_malformed: 0, diagnostic_drops: 0, logging_drops: 0, logging_truncations: 0 }"
850,1021.622,1,0xcc1455b0,0xc323a602,1791197320.000309,Synchronized,245,TxSubmitted,"TxSubmitted { id: JobId(318), epoch: Epoch(29853289), purpose: Presence, slot: 5, sequence: Sequence(34) }"
851,1021.623,1,0xcc1455b0,0xc323a602,1791197320.000422,Synchronized,245,TxSubmitted,"TxSubmitted { id: JobId(319), epoch: Epoch(29853289), purpose: Heartbeat, slot: 26, sequence: Sequence(35) }"
852,1021.623,1,0xcc1455b0,0xc323a602,1791197320.000495,Synchronized,245,EpochScheduled,"EpochScheduled { epoch: Epoch(29853289), scan: true, presence_slot: 5, heartbeat_slot: 26, receive_windows: 1 }"
853,1022.914,1,0xcc1455b0,0xc323a602,1791197321.292016,Synchronized,255,RxWindow,"RxWindow { id: JobId(317), opened: false, scan: false, predicted: false, receptions: 0 }"
854,1022.914,1,0xcc1455b0,0xc323a602,1791197321.29211,Synchronized,255,RxWindow,"RxWindow { id: JobId(320), opened: true, scan: false, predicted: false, receptions: 0 }"
855,1028.024,1,0xcc1455b0,0xc323a602,1791197326.40224,Synchronized,315,RxWindow,"RxWindow { id: JobId(320), opened: false, scan: false, predicted: false, receptions: 0 }"
856,1028.024,1,0xcc1455b0,0xc323a602,1791197326.402334,Synchronized,315,RxWindow,"RxWindow { id: JobId(321), opened: true, scan: false, predicted: false, receptions: 0 }"
857,1030.828,1,0xcc1455b0,0xc323a602,1791197329.20544,Synchronized,335,RadioFailure,"RadioFailure { id: JobId(321), error: Frame(UnsupportedVersion(0)) }"
858,1030.828,1,0xcc1455b0,0xc323a602,1791197329.205536,Synchronized,335,RxWindow,"RxWindow { id: JobId(322), opened: true, scan: false, predicted: false, receptions: 0 }"
859,1032.04,1,0xcc1455b0,0xc323a602,1791197330.417719,Synchronized,355,PacketRejected,PacketRejected { id: JobId(322) }
860,1032.04,1,0xcc1455b0,0xc323a602,1791197330.417772,Synchronized,355,RxWindow,"RxWindow { id: JobId(323), opened: true, scan: false, predicted: false, receptions: 0 }"
861,1035.938,1,0xcc1455b0,0xc323a602,1791197334.315665,Synchronized,395,RxWindow,"RxWindow { id: JobId(323), opened: false, scan: false, predicted: false, receptions: 0 }"
862,1035.938,1,0xcc1455b0,0xc323a602,1791197334.315761,Synchronized,395,RxWindow,"RxWindow { id: JobId(324), opened: true, scan: false, predicted: false, receptions: 0 }"
863,1041.048,1,0xcc1455b0,0xc323a602,1791197339.425891,Synchronized,445,RxWindow,"RxWindow { id: JobId(324), opened: false, scan: false, predicted: false, receptions: 0 }"
864,1041.048,1,0xcc1455b0,0xc323a602,1791197339.425987,Synchronized,445,RxWindow,"RxWindow { id: JobId(325), opened: true, scan: false, predicted: false, receptions: 0 }"
865,1042.118,1,0xcc1455b0,0xc323a602,1791197340.496377,Synchronized,456,TimeCalibration,"TimeCalibration { status: Synchronized, source: GpsPps, uncertainty_us: 456, accepted_anchors: 696, rejected_anchors: 82, calibration_samples: 11, calibration_locked: true, calibrated_error_ppb: 10860 }"
866,1043.117,1,0xcc1455b0,0xc323a602,1791197341.4953,Synchronized,466,TimeCalibration,"TimeCalibration { status: Synchronized, source: GpsPps, uncertainty_us: 466, accepted_anchors: 696, rejected_anchors: 83, calibration_samples: 11, calibration_locked: true, calibrated_error_ppb: 10860 }"
867,1044.118,1,0xcc1455b0,0xc323a602,1791197342.495784,Synchronized,476,TimeCalibration,"TimeCalibration { status: Synchronized, source: GpsPps, uncertainty_us: 476, accepted_anchors: 696, rejected_anchors: 84, calibration_samples: 11, calibration_locked: true, calibrated_error_ppb: 10860 }"
868,1045.125,1,0xcc1455b0,0xc323a602,1791197343.503493,Synchronized,487,TimeCalibration,"TimeCalibration { status: Synchronized, source: GpsPps, uncertainty_us: 487, accepted_anchors: 696, rejected_anchors: 85, calibration_samples: 11, calibration_locked: true, calibrated_error_ppb: 10860 }"
869,1046.158,1,0xcc1455b0,0xc323a602,1791197344.536119,Synchronized,497,RxWindow,"RxWindow { id: JobId(325), opened: false, scan: false, predicted: false, receptions: 0 }"
870,1046.158,1,0xcc1455b0,0xc323a602,1791197344.536215,Synchronized,497,RxWindow,"RxWindow { id: JobId(326), opened: true, scan: false, predicted: false, receptions: 0 }"
871,1046.522,1,0xcc1455b0,0xc323a602,1791197344.900263,Synchronized,497,RxWindow,"RxWindow { id: JobId(326), opened: false, scan: false, predicted: false, receptions: 0 }"
872,1046.522,1,0xcc1455b0,0xc323a602,1791197344.900359,Synchronized,497,RxWindow,"RxWindow { id: JobId(327), opened: true, scan: false, predicted: false, receptions: 0 }"
873,1046.673,1,0xcc1455b0,0xc323a602,1791197345.051047,Synchronized,497,TxCompleted,"TxCompleted { id: JobId(318), epoch: Epoch(29853289), purpose: Presence, slot: 5, sequence: Sequence(34) }"
874,1046.673,1,0xcc1455b0,0xc323a602,1791197345.05111,Synchronized,497,RadioFailure,"RadioFailure { id: JobId(327), error: Schedule(MissedSlot) }"
875,1046.673,1,0xcc1455b0,0xc323a602,1791197345.051206,Synchronized,497,RxWindow,"RxWindow { id: JobId(328), opened: true, scan: false, predicted: false, receptions: 0 }"
876,1047.893,1,0xcc1455b0,0xc323a602,1791197346.271466,Synchronized,514,TimeCalibration,"TimeCalibration { status: Synchronized, source: GpsPps, uncertainty_us: 514, accepted_anchors: 696, rejected_anchors: 86, calibration_samples: 11, calibration_locked: true, calibrated_error_ppb: 10860 }"
877,1048.9,1,0xcc1455b0,0xc323a602,1791197347.277816,Synchronized,524,TimeCalibration,"TimeCalibration { status: Synchronized, source: GpsPps, uncertainty_us: 524, accepted_anchors: 696, rejected_anchors: 87, calibration_samples: 11, calibration_locked: true, calibrated_error_ppb: 10860 }"
878,1049.909,1,0xcc1455b0,0xc323a602,1791197348.286745,Synchronized,534,TimeCalibration,"TimeCalibration { status: Synchronized, source: GpsPps, uncertainty_us: 534, accepted_anchors: 696, rejected_anchors: 88, calibration_samples: 11, calibration_locked: true, calibrated_error_ppb: 10860 }"
879,1050.897,1,0xcc1455b0,0xc323a602,1791197349.274967,Synchronized,544,TimeCalibration,"TimeCalibration { status: Synchronized, source: GpsPps, uncertainty_us: 544, accepted_anchors: 696, rejected_anchors: 89, calibration_samples: 11, calibration_locked: true, calibrated_error_ppb: 10860 }"
880,1051.783,1,0xcc1455b0,0xc323a602,1791197350.161333,Synchronized,544,RxWindow,"RxWindow { id: JobId(328), opened: false, scan: false, predicted: false, receptions: 0 }"
881,1051.783,1,0xcc1455b0,0xc323a602,1791197350.161431,Synchronized,544,RxWindow,"RxWindow { id: JobId(329), opened: true, scan: false, predicted: false, receptions: 0 }"
882,1051.898,1,0xcc1455b0,0xc323a602,1791197350.276657,Synchronized,554,TimeCalibration,"TimeCalibration { status: Synchronized, source: GpsPps, uncertainty_us: 554, accepted_anchors: 696, rejected_anchors: 90, calibration_samples: 11, calibration_locked: true, calibrated_error_ppb: 10860 }"
883,1052.902,1,0xcc1455b0,0xc323a602,1791197351.279761,Synchronized,564,TimeCalibration,"TimeCalibration { status: Synchronized, source: GpsPps, uncertainty_us: 564, accepted_anchors: 696, rejected_anchors: 91, calibration_samples: 11, calibration_locked: true, calibrated_error_ppb: 10860 }"
884,1053.674,1,0xcc1455b0,0xc323a602,1791197352.052271,Synchronized,564,NeighbourChanged,"NeighbourChanged { node: NodeId(941614212), boot: BootId(1503990173), discovered: false, boot_changed: false, base_station: false, count: 1 }"
885,1053.674,1,0xcc1455b0,0xc323a602,1791197352.052311,Synchronized,564,Rx,"Rx { frame_type: Presence, source: NodeId(941614212), source_boot: BootId(1503990173), sequence: Sequence(40), epoch: Some(Epoch(29853289)), expected_slot: Some(13), class: Outside, rssi_dbm_x2: -88, snr_db_x4: Some(59), valid: true }"
886,1053.674,1,0xcc1455b0,0xc323a602,1791197352.052366,Synchronized,564,RxWindow,"RxWindow { id: JobId(330), opened: true, scan: false, predicted: false, receptions: 1 }"
887,1053.911,1,0xcc1455b0,0xc323a602,1791197352.289644,Synchronized,574,TimeCalibration,"TimeCalibration { status: Synchronized, source: GpsPps, uncertainty_us: 574, accepted_anchors: 696, rejected_anchors: 92, calibration_samples: 11, calibration_locked: true, calibrated_error_ppb: 10860 }"
888,1056.019,1,0xcc1455b0,0xc323a602,1791197354.397232,Synchronized,114,LocationStatus,"LocationStatus { valid: true, latitude_e7: 519303083, longitude_e7: -12484783, fixes_seen: 1620, fixes_used: 9, satellites: Some(9), hdop_centi: Some(133), uncertainty_meters: Some(6) }"
889,1056.893,1,0xcc1455b0,0xc323a602,1791197355.271558,Synchronized,114,RxWindow,"RxWindow { id: JobId(330), opened: false, scan: false, predicted: false, receptions: 1 }"
890,1056.893,1,0xcc1455b0,0xc323a602,1791197355.271647,Synchronized,114,RxWindow,"RxWindow { id: JobId(331), opened: true, scan: false, predicted: false, receptions: 0 }"
891,1062.004,1,0xcc1455b0,0xc323a602,1791197360.381779,Synchronized,113,RxWindow,"RxWindow { id: JobId(331), opened: false, scan: false, predicted: false, receptions: 0 }"
892,1062.004,1,0xcc1455b0,0xc323a602,1791197360.381868,Synchronized,113,RxWindow,"RxWindow { id: JobId(332), opened: true, scan: false, predicted: false, receptions: 0 }"
893,1067.114,1,0xcc1455b0,0xc323a602,1791197365.492001,Synchronized,113,RxWindow,"RxWindow { id: JobId(332), opened: false, scan: false, predicted: false, receptions: 0 }"
894,1067.114,1,0xcc1455b0,0xc323a602,1791197365.492088,Synchronized,113,RxWindow,"RxWindow { id: JobId(333), opened: true, scan: false, predicted: false, receptions: 0 }"
895,1067.522,1,0xcc1455b0,0xc323a602,1791197365.900258,Synchronized,113,RxWindow,"RxWindow { id: JobId(333), opened: false, scan: false, predicted: false, receptions: 0 }"
896,1067.522,1,0xcc1455b0,0xc323a602,1791197365.900345,Synchronized,113,RxWindow,"RxWindow { id: JobId(334), opened: true, scan: false, predicted: false, receptions: 0 }"
897,1067.693,1,0xcc1455b0,0xc323a602,1791197366.071529,Synchronized,113,TxCompleted,"TxCompleted { id: JobId(319), epoch: Epoch(29853289), purpose: Heartbeat, slot: 26, sequence: Sequence(35) }"
898,1067.693,1,0xcc1455b0,0xc323a602,1791197366.071588,Synchronized,113,RadioFailure,"RadioFailure { id: JobId(334), error: Schedule(MissedSlot) }"
899,1067.693,1,0xcc1455b0,0xc323a602,1791197366.071676,Synchronized,113,RxWindow,"RxWindow { id: JobId(335), opened: true, scan: false, predicted: false, receptions: 0 }"
900,1072.803,1,0xcc1455b0,0xc323a602,1791197371.181806,Synchronized,122,RxWindow,"RxWindow { id: JobId(335), opened: false, scan: false, predicted: false, receptions: 0 }"
901,1072.804,1,0xcc1455b0,0xc323a602,1791197371.181895,Synchronized,122,RxWindow,"RxWindow { id: JobId(336), opened: true, scan: false, predicted: false, receptions: 0 }"
902,1077.914,1,0xcc1455b0,0xc323a602,1791197376.292023,Synchronized,172,RxWindow,"RxWindow { id: JobId(336), opened: false, scan: false, predicted: false, receptions: 0 }"
903,1077.914,1,0xcc1455b0,0xc323a602,1791197376.292116,Synchronized,172,RxWindow,"RxWindow { id: JobId(337), opened: true, scan: false, predicted: false, receptions: 0 }"
904,1078.694,1,0xcc1455b0,0xc323a602,1791197377.072903,Synchronized,182,Rx,"Rx { frame_type: Heartbeat, source: NodeId(941614212), source_boot: BootId(1503990173), sequence: Sequence(41), epoch: Some(Epoch(29853289)), expected_slot: Some(38), class: Outside, rssi_dbm_x2: -88, snr_db_x4: Some(63), valid: true }"
905,1078.695,1,0xcc1455b0,0xc323a602,1791197377.072955,Synchronized,182,RxWindow,"RxWindow { id: JobId(338), opened: true, scan: false, predicted: false, receptions: 1 }"
906,1081.622,1,0xcc1455b0,0xc323a602,1791197380.000017,Synchronized,212,NeighbourTable,"NeighbourTable { epoch: Epoch(29853289), count: 1 }"
907,1081.622,2,0xcc1455b0,0xc323a602,1791197380.000054,Synchronized,212,NeighbourEntry,"NeighbourEntry { epoch: Epoch(29853289), index: 0, node: NodeId(941614212), boot: BootId(1503990173), base_station: false, schedule_version: 2, last_seen_utc: UtcTimestamp { seconds: 1791197377, microseconds: 71852 }, location: Some(CompactLocation { latitude_e7: 519302483, longitude_e7: -12484116 }), location_uncertainty_meters: None, rssi_dbm_x2: Some(-88), snr_db_x4: Some(63), received_packets: 32, failed_packets: 0 }"
908,1081.622,2,0xcc1455b0,0xc323a602,1791197380.000092,Synchronized,212,Summary,"Summary { epoch: Epoch(29853289), mode: Receiving, radio: RadioServiceStats { frames_tx: 36, frames_rx: 32, heartbeat_tx: 18, presence_tx: 18, presence_rx: 14, malformed_frames: 0, unsupported_frames: 4, schedule_misses: 32, scheduler_conflicts: 0, queue_drops: 0, neighbour_count: 1, radio_errors: 0 }, heartbeat_rx: 18, unknown_heartbeat_rx: 0, predicted_rx: 0, predicted_misses: 0, scan_rx: 0, outside_rx: 32, unverifiable_rx: 0, application_malformed: 0, diagnostic_drops: 0, logging_drops: 0, logging_truncations: 0 }"
909,1081.622,1,0xcc1455b0,0xc323a602,1791197380.000306,Synchronized,212,TxSubmitted,"TxSubmitted { id: JobId(339), epoch: Epoch(29853290), purpose: Presence, slot: 10, sequence: Sequence(36) }"
910,1081.622,1,0xcc1455b0,0xc323a602,1791197380.000417,Synchronized,212,TxSubmitted,"TxSubmitted { id: JobId(340), epoch: Epoch(29853290), purpose: Heartbeat, slot: 21, sequence: Sequence(37) }"
911,1081.622,1,0xcc1455b0,0xc323a602,1791197380.00049,Synchronized,212,EpochScheduled,"EpochScheduled { epoch: Epoch(29853290), scan: true, presence_slot: 10, heartbeat_slot: 21, receive_windows: 1 }"
912,1083.024,1,0xcc1455b0,0xc323a602,1791197381.402317,Synchronized,232,RxWindow,"RxWindow { id: JobId(338), opened: false, scan: false, predicted: false, receptions: 1 }"
913,1083.024,1,0xcc1455b0,0xc323a602,1791197381.402411,Synchronized,232,RxWindow,"RxWindow { id: JobId(341), opened: true, scan: false, predicted: false, receptions: 0 }"
914,1088.134,1,0xcc1455b0,0xc323a602,1791197386.512542,Synchronized,282,RxWindow,"RxWindow { id: JobId(341), opened: false, scan: false, predicted: false, receptions: 0 }"
915,1088.134,1,0xcc1455b0,0xc323a602,1791197386.512636,Synchronized,282,RxWindow,"RxWindow { id: JobId(342), opened: true, scan: false, predicted: false, receptions: 0 }"
916,1093.244,1,0xcc1455b0,0xc323a602,1791197391.622766,Synchronized,332,RxWindow,"RxWindow { id: JobId(342), opened: false, scan: false, predicted: false, receptions: 0 }"
917,1093.244,1,0xcc1455b0,0xc323a602,1791197391.622862,Synchronized,332,RxWindow,"RxWindow { id: JobId(343), opened: true, scan: false, predicted: false, receptions: 0 }"
918,1098.354,1,0xcc1455b0,0xc323a602,1791197396.732992,Synchronized,382,RxWindow,"RxWindow { id: JobId(343), opened: false, scan: false, predicted: false, receptions: 0 }"
919,1098.354,1,0xcc1455b0,0xc323a602,1791197396.733088,Synchronized,382,RxWindow,"RxWindow { id: JobId(344), opened: true, scan: false, predicted: false, receptions: 0 }"
920,1103.464,1,0xcc1455b0,0xc323a602,1791197401.843219,Synchronized,432,RxWindow,"RxWindow { id: JobId(344), opened: false, scan: false, predicted: false, receptions: 0 }"
921,1103.465,1,0xcc1455b0,0xc323a602,1791197401.843315,Synchronized,432,RxWindow,"RxWindow { id: JobId(345), opened: true, scan: false, predicted: false, receptions: 0 }"
922,1105.68,1,0xcc1455b0,0xc323a602,1791197404.058525,Synchronized,459,TimeCalibration,"TimeCalibration { status: Synchronized, source: GpsPps, uncertainty_us: 459, accepted_anchors: 713, rejected_anchors: 93, calibration_samples: 11, calibration_locked: true, calibrated_error_ppb: 10860 }"
923,1107.68,1,0xcc1455b0,0xc323a602,1791197406.058585,Synchronized,479,TimeCalibration,"TimeCalibration { status: Synchronized, source: GpsPps, uncertainty_us: 479, accepted_anchors: 713, rejected_anchors: 94, calibration_samples: 11, calibration_locked: true, calibrated_error_ppb: 10860 }"
924,1108.575,1,0xcc1455b0,0xc323a602,1791197406.953445,Synchronized,479,RxWindow,"RxWindow { id: JobId(345), opened: false, scan: false, predicted: false, receptions: 0 }"
925,1108.575,1,0xcc1455b0,0xc323a602,1791197406.953541,Synchronized,479,RxWindow,"RxWindow { id: JobId(346), opened: true, scan: false, predicted: false, receptions: 0 }"
926,1108.68,1,0xcc1455b0,0xc323a602,1791197407.0587,Synchronized,489,TimeCalibration,"TimeCalibration { status: Synchronized, source: GpsPps, uncertainty_us: 489, accepted_anchors: 713, rejected_anchors: 95, calibration_samples: 11, calibration_locked: true, calibrated_error_ppb: 10860 }"
927,1109.68,1,0xcc1455b0,0xc323a602,1791197408.058672,Synchronized,499,TimeCalibration,"TimeCalibration { status: Synchronized, source: GpsPps, uncertainty_us: 499, accepted_anchors: 713, rejected_anchors: 96, calibration_samples: 11, calibration_locked: true, calibrated_error_ppb: 10860 }"
928,1110.68,1,0xcc1455b0,0xc323a602,1791197409.058783,Synchronized,509,TimeCalibration,"TimeCalibration { status: Synchronized, source: GpsPps, uncertainty_us: 509, accepted_anchors: 713, rejected_anchors: 97, calibration_samples: 11, calibration_locked: true, calibrated_error_ppb: 10860 }"
929,1111.521,1,0xcc1455b0,0xc323a602,1791197409.900263,Synchronized,509,RxWindow,"RxWindow { id: JobId(346), opened: false, scan: false, predicted: false, receptions: 0 }"
930,1111.522,1,0xcc1455b0,0xc323a602,1791197409.900361,Synchronized,509,RxWindow,"RxWindow { id: JobId(347), opened: true, scan: false, predicted: false, receptions: 0 }"
931,1111.672,1,0xcc1455b0,0xc323a602,1791197410.05117,Synchronized,509,TxCompleted,"TxCompleted { id: JobId(339), epoch: Epoch(29853290), purpose: Presence, slot: 10, sequence: Sequence(36) }"
932,1111.672,1,0xcc1455b0,0xc323a602,1791197410.051234,Synchronized,509,RadioFailure,"RadioFailure { id: JobId(347), error: Schedule(MissedSlot) }"
933,1111.673,1,0xcc1455b0,0xc323a602,1791197410.051331,Synchronized,509,RxWindow,"RxWindow { id: JobId(348), opened: true, scan: false, predicted: false, receptions: 0 }"
934,1111.68,1,0xcc1455b0,0xc323a602,1791197410.058766,Synchronized,519,TimeCalibration,"TimeCalibration { status: Synchronized, source: GpsPps, uncertainty_us: 519, accepted_anchors: 713, rejected_anchors: 98, calibration_samples: 11, calibration_locked: true, calibrated_error_ppb: 10860 }"
935,1113.68,1,0xcc1455b0,0xc323a602,1791197412.058697,Synchronized,539,TimeCalibration,"TimeCalibration { status: Synchronized, source: GpsPps, uncertainty_us: 539, accepted_anchors: 713, rejected_anchors: 99, calibration_samples: 11, calibration_locked: true, calibrated_error_ppb: 10860 }"
936,1115.931,1,0xcc1455b0,0xc323a602,1791197414.310035,Synchronized,562,TimeCalibration,"TimeCalibration { status: Synchronized, source: GpsPps, uncertainty_us: 562, accepted_anchors: 713, rejected_anchors: 100, calibration_samples: 11, calibration_locked: true, calibrated_error_ppb: 10860 }"
937,1116.783,1,0xcc1455b0,0xc323a602,1791197415.161459,Synchronized,562,RxWindow,"RxWindow { id: JobId(348), opened: false, scan: false, predicted: false, receptions: 0 }"
938,1116.783,1,0xcc1455b0,0xc323a602,1791197415.161557,Synchronized,562,RxWindow,"RxWindow { id: JobId(349), opened: true, scan: false, predicted: false, receptions: 0 }"
939,1116.912,1,0xcc1455b0,0xc323a602,1791197415.291269,Synchronized,571,TimeCalibration,"TimeCalibration { status: Synchronized, source: GpsPps, uncertainty_us: 571, accepted_anchors: 713, rejected_anchors: 101, calibration_samples: 11, calibration_locked: true, calibrated_error_ppb: 10860 }"
940,1117.927,1,0xcc1455b0,0xc323a602,1791197416.306212,Synchronized,582,TimeCalibration,"TimeCalibration { status: Synchronized, source: GpsPps, uncertainty_us: 582, accepted_anchors: 713, rejected_anchors: 102, calibration_samples: 11, calibration_locked: true, calibrated_error_ppb: 10860 }"
941,1118.673,1,0xcc1455b0,0xc323a602,1791197417.052272,Synchronized,582,NeighbourChanged,"NeighbourChanged { node: NodeId(941614212), boot: BootId(1503990173), discovered: false, boot_changed: false, base_station: false, count: 1 }"
942,1118.673,1,0xcc1455b0,0xc323a602,1791197417.052312,Synchronized,582,Rx,"Rx { frame_type: Presence, source: NodeId(941614212), source_boot: BootId(1503990173), sequence: Sequence(42), epoch: Some(Epoch(29853290)), expected_slot: Some(18), class: Outside, rssi_dbm_x2: -90, snr_db_x4: Some(58), valid: true }"
943,1118.673,1,0xcc1455b0,0xc323a602,1791197417.052367,Synchronized,582,RxWindow,"RxWindow { id: JobId(350), opened: true, scan: false, predicted: false, receptions: 1 }"
944,1118.928,1,0xcc1455b0,0xc323a602,1791197417.306961,Synchronized,592,TimeCalibration,"TimeCalibration { status: Synchronized, source: GpsPps, uncertainty_us: 592, accepted_anchors: 713, rejected_anchors: 103, calibration_samples: 11, calibration_locked: true, calibrated_error_ppb: 10860 }"
945,1119.028,1,0xcc1455b0,0xc323a602,1791197417.406878,Synchronized,592,LocationStatus,"LocationStatus { valid: true, latitude_e7: 519299816, longitude_e7: -12488316, fixes_seen: 1680, fixes_used: 9, satellites: Some(7), hdop_centi: Some(186), uncertainty_meters: Some(72) }"
946,1119.926,1,0xcc1455b0,0xc323a602,1791197418.304804,Synchronized,602,TimeCalibration,"TimeCalibration { status: Synchronized, source: GpsPps, uncertainty_us: 602, accepted_anchors: 713, rejected_anchors: 104, calibration_samples: 11, calibration_locked: true, calibrated_error_ppb: 10860 }"
947,1120.931,1,0xcc1455b0,0xc323a602,1791197419.309821,Synchronized,612,TimeCalibration,"TimeCalibration { status: Synchronized, source: GpsPps, uncertainty_us: 612, accepted_anchors: 713, rejected_anchors: 105, calibration_samples: 11, calibration_locked: true, calibrated_error_ppb: 10860 }"
948,1121.893,1,0xcc1455b0,0xc323a602,1791197420.271688,Synchronized,612,RxWindow,"RxWindow { id: JobId(350), opened: false, scan: false, predicted: false, receptions: 1 }"
949,1121.893,1,0xcc1455b0,0xc323a602,1791197420.271785,Synchronized,612,RxWindow,"RxWindow { id: JobId(351), opened: true, scan: false, predicted: false, receptions: 0 }"
950,1121.936,1,0xcc1455b0,0xc323a602,1791197420.314718,Synchronized,622,TimeCalibration,"TimeCalibration { status: Synchronized, source: GpsPps, uncertainty_us: 622, accepted_anchors: 713, rejected_anchors: 106, calibration_samples: 11, calibration_locked: true, calibrated_error_ppb: 10860 }"
951,1122.521,1,0xcc1455b0,0xc323a602,1791197420.900257,Synchronized,622,RxWindow,"RxWindow { id: JobId(351), opened: false, scan: false, predicted: false, receptions: 0 }"
952,1122.521,1,0xcc1455b0,0xc323a602,1791197420.900354,Synchronized,622,RxWindow,"RxWindow { id: JobId(352), opened: true, scan: false, predicted: false, receptions: 0 }"
953,1122.693,1,0xcc1455b0,0xc323a602,1791197421.071527,Synchronized,622,TxCompleted,"TxCompleted { id: JobId(340), epoch: Epoch(29853290), purpose: Heartbeat, slot: 21, sequence: Sequence(37) }"
954,1122.693,1,0xcc1455b0,0xc323a602,1791197421.071591,Synchronized,622,RadioFailure,"RadioFailure { id: JobId(352), error: Schedule(MissedSlot) }"
955,1122.693,1,0xcc1455b0,0xc323a602,1791197421.071688,Synchronized,622,RxWindow,"RxWindow { id: JobId(353), opened: true, scan: false, predicted: false, receptions: 0 }"
956,1127.803,1,0xcc1455b0,0xc323a602,1791197426.181813,Synchronized,111,RxWindow,"RxWindow { id: JobId(353), opened: false, scan: false, predicted: false, receptions: 0 }"
957,1127.803,1,0xcc1455b0,0xc323a602,1791197426.181902,Synchronized,111,RxWindow,"RxWindow { id: JobId(354), opened: true, scan: false, predicted: false, receptions: 0 }"
958,1128.948,1,0xcc1455b0,0xc323a602,1791197427.327147,Synchronized,112,TimeCalibration,"TimeCalibration { status: Synchronized, source: GpsPps, uncertainty_us: 112, accepted_anchors: 720, rejected_anchors: 106, calibration_samples: 11, calibration_locked: true, calibrated_error_ppb: 10860 }"
959,1132.913,1,0xcc1455b0,0xc323a602,1791197431.29203,Synchronized,111,RxWindow,"RxWindow { id: JobId(354), opened: false, scan: false, predicted: false, receptions: 0 }"
960,1132.913,1,0xcc1455b0,0xc323a602,1791197431.292115,Synchronized,111,RxWindow,"RxWindow { id: JobId(355), opened: true, scan: false, predicted: false, receptions: 0 }"
961,1133.694,1,0xcc1455b0,0xc323a602,1791197432.072899,Synchronized,111,Rx,"Rx { frame_type: Heartbeat, source: NodeId(941614212), source_boot: BootId(1503990173), sequence: Sequence(43), epoch: Some(Epoch(29853290)), expected_slot: Some(33), class: Outside, rssi_dbm_x2: -90, snr_db_x4: Some(59), valid: true }"
962,1133.694,1,0xcc1455b0,0xc323a602,1791197432.072949,Synchronized,111,RxWindow,"RxWindow { id: JobId(356), opened: true, scan: false, predicted: false, receptions: 1 }"
963,1138.023,1,0xcc1455b0,0xc323a602,1791197436.402245,Synchronized,141,RxWindow,"RxWindow { id: JobId(356), opened: false, scan: false, predicted: false, receptions: 1 }"
964,1138.023,1,0xcc1455b0,0xc323a602,1791197436.402333,Synchronized,141,RxWindow,"RxWindow { id: JobId(357), opened: true, scan: false, predicted: false, receptions: 0 }"
965,1141.621,1,0xcc1455b0,0xc323a602,1791197440.000015,Synchronized,171,NeighbourTable,"NeighbourTable { epoch: Epoch(29853290), count: 1 }"
966,1141.621,2,0xcc1455b0,0xc323a602,1791197440.000052,Synchronized,171,NeighbourEntry,"NeighbourEntry { epoch: Epoch(29853290), index: 0, node: NodeId(941614212), boot: BootId(1503990173), base_station: false, schedule_version: 2, last_seen_utc: UtcTimestamp { seconds: 1791197432, microseconds: 71851 }, location: Some(CompactLocation { latitude_e7: 519302366, longitude_e7: -12484166 }), location_uncertainty_meters: None, rssi_dbm_x2: Some(-90), snr_db_x4: Some(59), received_packets: 34, failed_packets: 0 }"
967,1141.621,2,0xcc1455b0,0xc323a602,1791197440.00009,Synchronized,171,Summary,"Summary { epoch: Epoch(29853290), mode: Receiving, radio: RadioServiceStats { frames_tx: 38, frames_rx: 34, heartbeat_tx: 19, presence_tx: 19, presence_rx: 15, malformed_frames: 0, unsupported_frames: 4, schedule_misses: 34, scheduler_conflicts: 0, queue_drops: 0, neighbour_count: 1, radio_errors: 0 }, heartbeat_rx: 19, unknown_heartbeat_rx: 0, predicted_rx: 0, predicted_misses: 0, scan_rx: 0, outside_rx: 34, unverifiable_rx: 0, application_malformed: 0, diagnostic_drops: 0, logging_drops: 0, logging_truncations: 0 }"
968,1141.621,1,0xcc1455b0,0xc323a602,1791197440.000304,Synchronized,171,TxSubmitted,"TxSubmitted { id: JobId(358), epoch: Epoch(29853291), purpose: Presence, slot: 15, sequence: Sequence(38) }"
969,1141.621,1,0xcc1455b0,0xc323a602,1791197440.000415,Synchronized,171,TxSubmitted,"TxSubmitted { id: JobId(359), epoch: Epoch(29853291), purpose: Heartbeat, slot: 36, sequence: Sequence(39) }"
970,1141.621,1,0xcc1455b0,0xc323a602,1791197440.000488,Synchronized,171,EpochScheduled,"EpochScheduled { epoch: Epoch(29853291), scan: true, presence_slot: 15, heartbeat_slot: 36, receive_windows: 1 }"
971,1143.133,1,0xcc1455b0,0xc323a602,1791197441.512537,Synchronized,191,RxWindow,"RxWindow { id: JobId(357), opened: false, scan: false, predicted: false, receptions: 0 }"
972,1143.133,1,0xcc1455b0,0xc323a602,1791197441.512629,Synchronized,191,RxWindow,"RxWindow { id: JobId(360), opened: true, scan: false, predicted: false, receptions: 0 }"
973,1144.041,1,0xcc1455b0,0xc323a602,1791197442.420162,Synchronized,201,PacketRejected,PacketRejected { id: JobId(360) }
974,1144.041,1,0xcc1455b0,0xc323a602,1791197442.420214,Synchronized,201,RxWindow,"RxWindow { id: JobId(361), opened: true, scan: false, predicted: false, receptions: 0 }"
975,1144.541,1,0xcc1455b0,0xc323a602,1791197442.919755,Synchronized,201,PacketRejected,PacketRejected { id: JobId(361) }
976,1144.541,1,0xcc1455b0,0xc323a602,1791197442.919807,Synchronized,201,RxWindow,"RxWindow { id: JobId(362), opened: true, scan: false, predicted: false, receptions: 0 }"
977,1148.244,1,0xcc1455b0,0xc323a602,1791197446.62276,Synchronized,241,RxWindow,"RxWindow { id: JobId(362), opened: false, scan: false, predicted: false, receptions: 0 }"
978,1148.244,1,0xcc1455b0,0xc323a602,1791197446.622854,Synchronized,241,RxWindow,"RxWindow { id: JobId(363), opened: true, scan: false, predicted: false, receptions: 0 }"
979,1153.354,1,0xcc1455b0,0xc323a602,1791197451.732985,Synchronized,291,RxWindow,"RxWindow { id: JobId(363), opened: false, scan: false, predicted: false, receptions: 0 }"
980,1153.354,1,0xcc1455b0,0xc323a602,1791197451.733079,Synchronized,291,RxWindow,"RxWindow { id: JobId(364), opened: true, scan: false, predicted: false, receptions: 0 }"
981,1158.464,1,0xcc1455b0,0xc323a602,1791197456.843209,Synchronized,341,RxWindow,"RxWindow { id: JobId(364), opened: false, scan: false, predicted: false, receptions: 0 }"
982,1158.464,1,0xcc1455b0,0xc323a602,1791197456.843305,Synchronized,341,RxWindow,"RxWindow { id: JobId(365), opened: true, scan: false, predicted: false, receptions: 0 }"
983,1163.574,1,0xcc1455b0,0xc323a602,1791197461.953435,Synchronized,391,RxWindow,"RxWindow { id: JobId(365), opened: false, scan: false, predicted: false, receptions: 0 }"
984,1163.574,1,0xcc1455b0,0xc323a602,1791197461.953531,Synchronized,391,RxWindow,"RxWindow { id: JobId(366), opened: true, scan: false, predicted: false, receptions: 0 }"
985,1168.684,1,0xcc1455b0,0xc323a602,1791197467.06366,Synchronized,441,RxWindow,"RxWindow { id: JobId(366), opened: false, scan: false, predicted: false, receptions: 0 }"
986,1168.684,1,0xcc1455b0,0xc323a602,1791197467.063756,Synchronized,441,RxWindow,"RxWindow { id: JobId(367), opened: true, scan: false, predicted: false, receptions: 0 }"
987,1168.972,1,0xcc1455b0,0xc323a602,1791197467.351174,Synchronized,452,TimeCalibration,"TimeCalibration { status: Synchronized, source: GpsPps, uncertainty_us: 452, accepted_anchors: 726, rejected_anchors: 107, calibration_samples: 11, calibration_locked: true, calibrated_error_ppb: 10860 }"
988,1169.972,1,0xcc1455b0,0xc323a602,1791197468.351478,Synchronized,462,TimeCalibration,"TimeCalibration { status: Synchronized, source: GpsPps, uncertainty_us: 462, accepted_anchors: 726, rejected_anchors: 108, calibration_samples: 11, calibration_locked: true, calibrated_error_ppb: 10860 }"
989,1170.972,1,0xcc1455b0,0xc323a602,1791197469.351445,Synchronized,472,TimeCalibration,"TimeCalibration { status: Synchronized, source: GpsPps, uncertainty_us: 472, accepted_anchors: 726, rejected_anchors: 109, calibration_samples: 11, calibration_locked: true, calibrated_error_ppb: 10860 }"
990,1171.972,1,0xcc1455b0,0xc323a602,1791197470.351596,Synchronized,482,TimeCalibration,"TimeCalibration { status: Synchronized, source: GpsPps, uncertainty_us: 482, accepted_anchors: 726, rejected_anchors: 110, calibration_samples: 11, calibration_locked: true, calibrated_error_ppb: 10860 }"
991,1172.972,1,0xcc1455b0,0xc323a602,1791197471.351549,Synchronized,492,TimeCalibration,"TimeCalibration { status: Synchronized, source: GpsPps, uncertainty_us: 492, accepted_anchors: 726, rejected_anchors: 111, calibration_samples: 11, calibration_locked: true, calibrated_error_ppb: 10860 }"
992,1173.794,1,0xcc1455b0,0xc323a602,1791197472.173886,Synchronized,492,RxWindow,"RxWindow { id: JobId(367), opened: false, scan: false, predicted: false, receptions: 0 }"
993,1173.794,1,0xcc1455b0,0xc323a602,1791197472.173982,Synchronized,492,RxWindow,"RxWindow { id: JobId(368), opened: true, scan: false, predicted: false, receptions: 0 }"
994,1173.972,1,0xcc1455b0,0xc323a602,1791197472.351653,Synchronized,502,TimeCalibration,"TimeCalibration { status: Synchronized, source: GpsPps, uncertainty_us: 502, accepted_anchors: 726, rejected_anchors: 112, calibration_samples: 11, calibration_locked: true, calibrated_error_ppb: 10860 }"
995,1174.972,1,0xcc1455b0,0xc323a602,1791197473.351638,Synchronized,512,TimeCalibration,"TimeCalibration { status: Synchronized, source: GpsPps, uncertainty_us: 512, accepted_anchors: 726, rejected_anchors: 113, calibration_samples: 11, calibration_locked: true, calibrated_error_ppb: 10860 }"
996,1176.521,1,0xcc1455b0,0xc323a602,1791197474.900263,Synchronized,522,RxWindow,"RxWindow { id: JobId(368), opened: false, scan: false, predicted: false, receptions: 0 }"
997,1176.521,1,0xcc1455b0,0xc323a602,1791197474.900361,Synchronized,522,RxWindow,"RxWindow { id: JobId(369), opened: true, scan: false, predicted: false, receptions: 0 }"
998,1176.672,1,0xcc1455b0,0xc323a602,1791197475.051048,Synchronized,522,TxCompleted,"TxCompleted { id: JobId(358), epoch: Epoch(29853291), purpose: Presence, slot: 15, sequence: Sequence(38) }"
999,1176.672,1,0xcc1455b0,0xc323a602,1791197475.051112,Synchronized,522,RadioFailure,"RadioFailure { id: JobId(369), error: Schedule(MissedSlot) }"
1000,1176.672,1,0xcc1455b0,0xc323a602,1791197475.051209,Synchronized,522,RxWindow,"RxWindow { id: JobId(370), opened: true, scan: false, predicted: false, receptions: 0 }"
1001,1177.847,1,0xcc1455b0,0xc323a602,1791197476.226829,Synchronized,541,TimeCalibration,"TimeCalibration { status: Synchronized, source: GpsPps, uncertainty_us: 541, accepted_anchors: 726, rejected_anchors: 114, calibration_samples: 11, calibration_locked: true, calibrated_error_ppb: 10860 }"
1002,1178.935,1,0xcc1455b0,0xc323a602,1791197477.31485,Synchronized,552,TimeCalibration,"TimeCalibration { status: Synchronized, source: GpsPps, uncertainty_us: 552, accepted_anchors: 726, rejected_anchors: 115, calibration_samples: 11, calibration_locked: true, calibrated_error_ppb: 10860 }"
1003,1179.934,1,0xcc1455b0,0xc323a602,1791197478.314005,Synchronized,562,TimeCalibration,"TimeCalibration { status: Synchronized, source: GpsPps, uncertainty_us: 562, accepted_anchors: 726, rejected_anchors: 116, calibration_samples: 11, calibration_locked: true, calibrated_error_ppb: 10860 }"
1004,1180.939,1,0xcc1455b0,0xc323a602,1791197479.319059,Synchronized,572,TimeCalibration,"TimeCalibration { status: Synchronized, source: GpsPps, uncertainty_us: 572, accepted_anchors: 726, rejected_anchors: 117, calibration_samples: 11, calibration_locked: true, calibrated_error_ppb: 10860 }"
1005,1181.782,1,0xcc1455b0,0xc323a602,1791197480.161336,Synchronized,572,RxWindow,"RxWindow { id: JobId(370), opened: false, scan: false, predicted: false, receptions: 0 }"
1006,1181.782,1,0xcc1455b0,0xc323a602,1791197480.161434,Synchronized,572,RxWindow,"RxWindow { id: JobId(371), opened: true, scan: false, predicted: false, receptions: 0 }"
1007,1181.847,1,0xcc1455b0,0xc323a602,1791197480.226131,Synchronized,581,TimeCalibration,"TimeCalibration { status: Synchronized, source: GpsPps, uncertainty_us: 581, accepted_anchors: 726, rejected_anchors: 118, calibration_samples: 11, calibration_locked: true, calibrated_error_ppb: 10860 }"
1008,1182.849,1,0xcc1455b0,0xc323a602,1791197481.229053,Synchronized,591,TimeCalibration,"TimeCalibration { status: Synchronized, source: GpsPps, uncertainty_us: 591, accepted_anchors: 726, rejected_anchors: 119, calibration_samples: 11, calibration_locked: true, calibrated_error_ppb: 10860 }"
1009,1182.972,1,0xcc1455b0,0xc323a602,1791197481.351781,Synchronized,591,LocationStatus,"LocationStatus { valid: true, latitude_e7: 519300966, longitude_e7: -12485283, fixes_seen: 1740, fixes_used: 9, satellites: Some(7), hdop_centi: Some(149), uncertainty_meters: Some(16) }"
1010,1183.939,1,0xcc1455b0,0xc323a602,1791197482.318325,Synchronized,602,TimeCalibration,"TimeCalibration { status: Synchronized, source: GpsPps, uncertainty_us: 602, accepted_anchors: 726, rejected_anchors: 120, calibration_samples: 11, calibration_locked: true, calibrated_error_ppb: 10860 }"
1011,1186.892,1,0xcc1455b0,0xc323a602,1791197485.27156,Synchronized,111,RxWindow,"RxWindow { id: JobId(371), opened: false, scan: false, predicted: false, receptions: 0 }"
1012,1186.892,1,0xcc1455b0,0xc323a602,1791197485.271645,Synchronized,111,RxWindow,"RxWindow { id: JobId(372), opened: true, scan: false, predicted: false, receptions: 0 }"
1013,1188.693,1,0xcc1455b0,0xc323a602,1791197487.072903,Synchronized,112,Rx,"Rx { frame_type: Heartbeat, source: NodeId(941614212), source_boot: BootId(1503990173), sequence: Sequence(45), epoch: Some(Epoch(29853291)), expected_slot: Some(28), class: Outside, rssi_dbm_x2: -96, snr_db_x4: Some(65), valid: true }"
1014,1188.693,1,0xcc1455b0,0xc323a602,1791197487.072953,Synchronized,112,RxWindow,"RxWindow { id: JobId(373), opened: true, scan: false, predicted: false, receptions: 1 }"
1015,1192.002,1,0xcc1455b0,0xc323a602,1791197490.38178,Synchronized,112,RxWindow,"RxWindow { id: JobId(373), opened: false, scan: false, predicted: false, receptions: 1 }"
1016,1192.002,1,0xcc1455b0,0xc323a602,1791197490.381866,Synchronized,112,RxWindow,"RxWindow { id: JobId(374), opened: true, scan: false, predicted: false, receptions: 0 }"
1017,1197.112,1,0xcc1455b0,0xc323a602,1791197495.492001,Synchronized,111,RxWindow,"RxWindow { id: JobId(374), opened: false, scan: false, predicted: false, receptions: 0 }"
1018,1197.112,1,0xcc1455b0,0xc323a602,1791197495.492088,Synchronized,111,RxWindow,"RxWindow { id: JobId(375), opened: true, scan: false, predicted: false, receptions: 0 }"
1019,1197.521,1,0xcc1455b0,0xc323a602,1791197495.900265,Synchronized,111,RxWindow,"RxWindow { id: JobId(375), opened: false, scan: false, predicted: false, receptions: 0 }"
1020,1197.521,1,0xcc1455b0,0xc323a602,1791197495.900352,Synchronized,111,RxWindow,"RxWindow { id: JobId(376), opened: true, scan: false, predicted: false, receptions: 0 }"
1021,1197.692,1,0xcc1455b0,0xc323a602,1791197496.071528,Synchronized,111,TxCompleted,"TxCompleted { id: JobId(359), epoch: Epoch(29853291), purpose: Heartbeat, slot: 36, sequence: Sequence(39) }"
1022,1197.692,1,0xcc1455b0,0xc323a602,1791197496.071587,Synchronized,111,RadioFailure,"RadioFailure { id: JobId(376), error: Schedule(MissedSlot) }"
1023,1197.692,1,0xcc1455b0,0xc323a602,1791197496.071675,Synchronized,111,RxWindow,"RxWindow { id: JobId(377), opened: true, scan: false, predicted: false, receptions: 0 }"
1024,1201.62,1,0xcc1455b0,0xc323a602,1791197500.000015,Synchronized,132,NeighbourTable,"NeighbourTable { epoch: Epoch(29853291), count: 1 }"
1025,1201.62,2,0xcc1455b0,0xc323a602,1791197500.00005,Synchronized,132,NeighbourEntry,"NeighbourEntry { epoch: Epoch(29853291), index: 0, node: NodeId(941614212), boot: BootId(1503990173), base_station: false, schedule_version: 2, last_seen_utc: UtcTimestamp { seconds: 1791197487, microseconds: 71852 }, location: Some(CompactLocation { latitude_e7: 519302400, longitude_e7: -12483966 }), location_uncertainty_meters: None, rssi_dbm_x2: Some(-96), snr_db_x4: Some(65), received_packets: 35, failed_packets: 0 }"
1026,1201.62,2,0xcc1455b0,0xc323a602,1791197500.000085,Synchronized,132,Summary,"Summary { epoch: Epoch(29853291), mode: Receiving, radio: RadioServiceStats { frames_tx: 40, frames_rx: 35, heartbeat_tx: 20, presence_tx: 20, presence_rx: 15, malformed_frames: 0, unsupported_frames: 4, schedule_misses: 36, scheduler_conflicts: 0, queue_drops: 0, neighbour_count: 1, radio_errors: 0 }, heartbeat_rx: 20, unknown_heartbeat_rx: 0, predicted_rx: 0, predicted_misses: 0, scan_rx: 0, outside_rx: 35, unverifiable_rx: 0, application_malformed: 0, diagnostic_drops: 0, logging_drops: 0, logging_truncations: 0 }"
1027,1201.621,1,0xcc1455b0,0xc323a602,1791197500.000291,Synchronized,132,TxSubmitted,"TxSubmitted { id: JobId(378), epoch: Epoch(29853292), purpose: Presence, slot: 0, sequence: Sequence(40) }"
1028,1201.621,1,0xcc1455b0,0xc323a602,1791197500.0004,Synchronized,132,TxSubmitted,"TxSubmitted { id: JobId(379), epoch: Epoch(29853292), purpose: Heartbeat, slot: 31, sequence: Sequence(41) }"
1029,1201.621,1,0xcc1455b0,0xc323a602,1791197500.00047,Synchronized,132,EpochScheduled,"EpochScheduled { epoch: Epoch(29853292), scan: true, presence_slot: 0, heartbeat_slot: 31, receive_windows: 1 }"
1030,1202.802,1,0xcc1455b0,0xc323a602,1791197501.181879,Synchronized,142,RxWindow,"RxWindow { id: JobId(377), opened: false, scan: false, predicted: false, receptions: 0 }"
1031,1202.802,1,0xcc1455b0,0xc323a602,1791197501.181968,Synchronized,142,RxWindow,"RxWindow { id: JobId(380), opened: true, scan: false, predicted: false, receptions: 0 }"
1032,1207.912,1,0xcc1455b0,0xc323a602,1791197506.292101,Synchronized,192,RxWindow,"RxWindow { id: JobId(380), opened: false, scan: false, predicted: false, receptions: 0 }"
1033,1207.912,1,0xcc1455b0,0xc323a602,1791197506.292193,Synchronized,192,RxWindow,"RxWindow { id: JobId(381), opened: true, scan: false, predicted: false, receptions: 0 }"
1034,1213.022,1,0xcc1455b0,0xc323a602,1791197511.402325,Synchronized,252,RxWindow,"RxWindow { id: JobId(381), opened: false, scan: false, predicted: false, receptions: 0 }"
1035,1213.023,1,0xcc1455b0,0xc323a602,1791197511.402419,Synchronized,252,RxWindow,"RxWindow { id: JobId(382), opened: true, scan: false, predicted: false, receptions: 0 }"
1036,1218.133,1,0xcc1455b0,0xc323a602,1791197516.512549,Synchronized,302,RxWindow,"RxWindow { id: JobId(382), opened: false, scan: false, predicted: false, receptions: 0 }"
1037,1218.133,1,0xcc1455b0,0xc323a602,1791197516.512643,Synchronized,302,RxWindow,"RxWindow { id: JobId(383), opened: true, scan: false, predicted: false, receptions: 0 }"
1038,1221.52,1,0xcc1455b0,0xc323a602,1791197519.900263,Synchronized,332,RxWindow,"RxWindow { id: JobId(383), opened: false, scan: false, predicted: false, receptions: 0 }"
1039,1221.52,1,0xcc1455b0,0xc323a602,1791197519.900359,Synchronized,332,RxWindow,"RxWindow { id: JobId(384), opened: true, scan: false, predicted: false, receptions: 0 }"
1040,1221.671,1,0xcc1455b0,0xc323a602,1791197520.051047,Synchronized,332,TxCompleted,"TxCompleted { id: JobId(378), epoch: Epoch(29853292), purpose: Presence, slot: 0, sequence: Sequence(40) }"
1041,1221.671,1,0xcc1455b0,0xc323a602,1791197520.05111,Synchronized,332,RadioFailure,"RadioFailure { id: JobId(384), error: Schedule(MissedSlot) }"
1042,1221.671,1,0xcc1455b0,0xc323a602,1791197520.051206,Synchronized,332,RxWindow,"RxWindow { id: JobId(385), opened: true, scan: false, predicted: false, receptions: 0 }"
1043,1226.781,1,0xcc1455b0,0xc323a602,1791197525.161334,Synchronized,382,RxWindow,"RxWindow { id: JobId(385), opened: false, scan: false, predicted: false, receptions: 0 }"
1044,1226.781,1,0xcc1455b0,0xc323a602,1791197525.16143,Synchronized,382,RxWindow,"RxWindow { id: JobId(386), opened: true, scan: false, predicted: false, receptions: 0 }"
1045,1228.672,1,0xcc1455b0,0xc323a602,1791197527.05227,Synchronized,402,NeighbourChanged,"NeighbourChanged { node: NodeId(941614212), boot: BootId(1503990173), discovered: false, boot_changed: false, base_station: false, count: 1 }"
1046,1228.672,1,0xcc1455b0,0xc323a602,1791197527.052309,Synchronized,402,Rx,"Rx { frame_type: Presence, source: NodeId(941614212), source_boot: BootId(1503990173), sequence: Sequence(46), epoch: Some(Epoch(29853292)), expected_slot: Some(8), class: Outside, rssi_dbm_x2: -96, snr_db_x4: Some(61), valid: true }"
1047,1228.672,1,0xcc1455b0,0xc323a602,1791197527.052363,Synchronized,402,RxWindow,"RxWindow { id: JobId(387), opened: true, scan: false, predicted: false, receptions: 1 }"
1048,1231.891,1,0xcc1455b0,0xc323a602,1791197530.271557,Synchronized,432,RxWindow,"RxWindow { id: JobId(387), opened: false, scan: false, predicted: false, receptions: 1 }"
1049,1231.892,1,0xcc1455b0,0xc323a602,1791197530.271653,Synchronized,432,RxWindow,"RxWindow { id: JobId(388), opened: true, scan: false, predicted: false, receptions: 0 }"
1050,1233.358,1,0xcc1455b0,0xc323a602,1791197531.737796,Synchronized,456,TimeCalibration,"TimeCalibration { status: Synchronized, source: GpsPps, uncertainty_us: 456, accepted_anchors: 741, rejected_anchors: 121, calibration_samples: 11, calibration_locked: true, calibrated_error_ppb: 10860 }"
1051,1234.358,1,0xcc1455b0,0xc323a602,1791197532.737756,Synchronized,466,TimeCalibration,"TimeCalibration { status: Synchronized, source: GpsPps, uncertainty_us: 466, accepted_anchors: 741, rejected_anchors: 122, calibration_samples: 11, calibration_locked: true, calibrated_error_ppb: 10860 }"
1052,1235.358,1,0xcc1455b0,0xc323a602,1791197533.737861,Synchronized,476,TimeCalibration,"TimeCalibration { status: Synchronized, source: GpsPps, uncertainty_us: 476, accepted_anchors: 741, rejected_anchors: 123, calibration_samples: 11, calibration_locked: true, calibrated_error_ppb: 10860 }"
1053,1236.358,1,0xcc1455b0,0xc323a602,1791197534.737837,Synchronized,486,TimeCalibration,"TimeCalibration { status: Synchronized, source: GpsPps, uncertainty_us: 486, accepted_anchors: 741, rejected_anchors: 124, calibration_samples: 11, calibration_locked: true, calibrated_error_ppb: 10860 }"
1054,1237.002,1,0xcc1455b0,0xc323a602,1791197535.381781,Synchronized,486,RxWindow,"RxWindow { id: JobId(388), opened: false, scan: false, predicted: false, receptions: 0 }"
1055,1237.002,1,0xcc1455b0,0xc323a602,1791197535.381877,Synchronized,486,RxWindow,"RxWindow { id: JobId(389), opened: true, scan: false, predicted: false, receptions: 0 }"
1056,1237.358,1,0xcc1455b0,0xc323a602,1791197535.737935,Synchronized,496,TimeCalibration,"TimeCalibration { status: Synchronized, source: GpsPps, uncertainty_us: 496, accepted_anchors: 741, rejected_anchors: 125, calibration_samples: 11, calibration_locked: true, calibrated_error_ppb: 10860 }"
1057,1238.358,1,0xcc1455b0,0xc323a602,1791197536.737919,Synchronized,506,TimeCalibration,"TimeCalibration { status: Synchronized, source: GpsPps, uncertainty_us: 506, accepted_anchors: 741, rejected_anchors: 126, calibration_samples: 11, calibration_locked: true, calibrated_error_ppb: 10860 }"
1058,1239.358,1,0xcc1455b0,0xc323a602,1791197537.738036,Synchronized,516,TimeCalibration,"TimeCalibration { status: Synchronized, source: GpsPps, uncertainty_us: 516, accepted_anchors: 741, rejected_anchors: 127, calibration_samples: 11, calibration_locked: true, calibrated_error_ppb: 10860 }"
1059,1240.358,1,0xcc1455b0,0xc323a602,1791197538.738015,Synchronized,526,TimeCalibration,"TimeCalibration { status: Synchronized, source: GpsPps, uncertainty_us: 526, accepted_anchors: 741, rejected_anchors: 128, calibration_samples: 11, calibration_locked: true, calibrated_error_ppb: 10860 }"
1060,1242.112,1,0xcc1455b0,0xc323a602,1791197540.492004,Synchronized,536,RxWindow,"RxWindow { id: JobId(389), opened: false, scan: false, predicted: false, receptions: 0 }"
1061,1242.112,1,0xcc1455b0,0xc323a602,1791197540.492102,Synchronized,536,RxWindow,"RxWindow { id: JobId(390), opened: true, scan: false, predicted: false, receptions: 0 }"
1062,1242.851,1,0xcc1455b0,0xc323a602,1791197541.231115,Synchronized,551,TimeCalibration,"TimeCalibration { status: Synchronized, source: GpsPps, uncertainty_us: 551, accepted_anchors: 741, rejected_anchors: 129, calibration_samples: 11, calibration_locked: true, calibrated_error_ppb: 10860 }"
1063,1243.693,1,0xcc1455b0,0xc323a602,1791197542.072904,Synchronized,551,Rx,"Rx { frame_type: Heartbeat, source: NodeId(941614212), source_boot: BootId(1503990173), sequence: Sequence(47), epoch: Some(Epoch(29853292)), expected_slot: Some(23), class: Outside, rssi_dbm_x2: -92, snr_db_x4: Some(60), valid: true }"
1064,1243.693,1,0xcc1455b0,0xc323a602,1791197542.072959,Synchronized,551,RxWindow,"RxWindow { id: JobId(391), opened: true, scan: false, predicted: false, receptions: 1 }"
1065,1243.861,1,0xcc1455b0,0xc323a602,1791197542.241368,Synchronized,561,TimeCalibration,"TimeCalibration { status: Synchronized, source: GpsPps, uncertainty_us: 561, accepted_anchors: 741, rejected_anchors: 130, calibration_samples: 11, calibration_locked: true, calibrated_error_ppb: 10860 }"
1066,1244.86,1,0xcc1455b0,0xc323a602,1791197543.240281,Synchronized,571,TimeCalibration,"TimeCalibration { status: Synchronized, source: GpsPps, uncertainty_us: 571, accepted_anchors: 741, rejected_anchors: 131, calibration_samples: 11, calibration_locked: true, calibrated_error_ppb: 10860 }"
1067,1245.864,1,0xcc1455b0,0xc323a602,1791197544.244294,Synchronized,581,TimeCalibration,"TimeCalibration { status: Synchronized, source: GpsPps, uncertainty_us: 581, accepted_anchors: 741, rejected_anchors: 132, calibration_samples: 11, calibration_locked: true, calibrated_error_ppb: 10860 }"
1068,1246.064,1,0xcc1455b0,0xc323a602,1791197544.444382,Synchronized,581,LocationStatus,"LocationStatus { valid: true, latitude_e7: 519302066, longitude_e7: -12485466, fixes_seen: 1800, fixes_used: 9, satellites: Some(8), hdop_centi: Some(153), uncertainty_meters: Some(23) }"
1069,1246.869,1,0xcc1455b0,0xc323a602,1791197545.249407,Synchronized,591,TimeCalibration,"TimeCalibration { status: Synchronized, source: GpsPps, uncertainty_us: 591, accepted_anchors: 741, rejected_anchors: 133, calibration_samples: 11, calibration_locked: true, calibrated_error_ppb: 10860 }"
1070,1247.222,1,0xcc1455b0,0xc323a602,1791197545.602229,Synchronized,591,RxWindow,"RxWindow { id: JobId(391), opened: false, scan: false, predicted: false, receptions: 1 }"
1071,1247.222,1,0xcc1455b0,0xc323a602,1791197545.602329,Synchronized,591,RxWindow,"RxWindow { id: JobId(392), opened: true, scan: false, predicted: false, receptions: 0 }"
1072,1247.87,1,0xcc1455b0,0xc323a602,1791197546.250617,Synchronized,601,TimeCalibration,"TimeCalibration { status: Synchronized, source: GpsPps, uncertainty_us: 601, accepted_anchors: 741, rejected_anchors: 134, calibration_samples: 11, calibration_locked: true, calibrated_error_ppb: 10860 }"
1073,1248.868,1,0xcc1455b0,0xc323a602,1791197547.248638,Synchronized,611,TimeCalibration,"TimeCalibration { status: Synchronized, source: GpsPps, uncertainty_us: 611, accepted_anchors: 741, rejected_anchors: 135, calibration_samples: 11, calibration_locked: true, calibrated_error_ppb: 10860 }"
1074,1252.332,1,0xcc1455b0,0xc323a602,1791197550.712456,Synchronized,112,RxWindow,"RxWindow { id: JobId(392), opened: false, scan: false, predicted: false, receptions: 0 }"
1075,1252.691,1,0xcc1455b0,0xc323a602,1791197551.071504,Synchronized,112,TxCompleted,"TxCompleted { id: JobId(379), epoch: Epoch(29853292), purpose: Heartbeat, slot: 31, sequence: Sequence(41) }"
1076,1252.691,1,0xcc1455b0,0xc323a602,1791197551.071593,Synchronized,112,RxWindow,"RxWindow { id: JobId(393), opened: true, scan: false, predicted: false, receptions: 0 }"
1077,1255.037,1,0xcc1455b0,0xc323a602,1791197553.417153,Synchronized,111,PacketRejected,PacketRejected { id: JobId(393) }
1078,1255.037,1,0xcc1455b0,0xc323a602,1791197553.417202,Synchronized,111,RxWindow,"RxWindow { id: JobId(394), opened: true, scan: false, predicted: false, receptions: 0 }"
1079,1255.183,1,0xcc1455b0,0xc323a602,1791197553.563589,Synchronized,111,PacketRejected,PacketRejected { id: JobId(394) }
1080,1255.183,1,0xcc1455b0,0xc323a602,1791197553.56364,Synchronized,111,RxWindow,"RxWindow { id: JobId(395), opened: true, scan: false, predicted: false, receptions: 0 }"
1081,1255.913,1,0xcc1455b0,0xc323a602,1791197554.293851,Synchronized,111,RadioFailure,"RadioFailure { id: JobId(395), error: Frame(UnsupportedVersion(0)) }"
1082,1255.914,1,0xcc1455b0,0xc323a602,1791197554.293935,Synchronized,111,RxWindow,"RxWindow { id: JobId(396), opened: true, scan: false, predicted: false, receptions: 0 }"
1083,1256.683,1,0xcc1455b0,0xc323a602,1791197555.063417,Synchronized,111,RadioFailure,"RadioFailure { id: JobId(396), error: Frame(UnsupportedVersion(3)) }"
1084,1256.683,1,0xcc1455b0,0xc323a602,1791197555.063504,Synchronized,111,RxWindow,"RxWindow { id: JobId(397), opened: true, scan: false, predicted: false, receptions: 0 }"
1085,1261.62,1,0xcc1455b0,0xc323a602,1791197560.000022,Synchronized,111,NeighbourTable,"NeighbourTable { epoch: Epoch(29853292), count: 1 }"
1086,1261.62,2,0xcc1455b0,0xc323a602,1791197560.000056,Synchronized,111,NeighbourEntry,"NeighbourEntry { epoch: Epoch(29853292), index: 0, node: NodeId(941614212), boot: BootId(1503990173), base_station: false, schedule_version: 2, last_seen_utc: UtcTimestamp { seconds: 1791197542, microseconds: 71848 }, location: Some(CompactLocation { latitude_e7: 519302250, longitude_e7: -12483816 }), location_uncertainty_meters: None, rssi_dbm_x2: Some(-92), snr_db_x4: Some(60), received_packets: 37, failed_packets: 0 }"
1087,1261.62,2,0xcc1455b0,0xc323a602,1791197560.000091,Synchronized,111,Summary,"Summary { epoch: Epoch(29853292), mode: Receiving, radio: RadioServiceStats { frames_tx: 42, frames_rx: 37, heartbeat_tx: 21, presence_tx: 21, presence_rx: 16, malformed_frames: 0, unsupported_frames: 6, schedule_misses: 37, scheduler_conflicts: 0, queue_drops: 0, neighbour_count: 1, radio_errors: 0 }, heartbeat_rx: 21, unknown_heartbeat_rx: 0, predicted_rx: 0, predicted_misses: 0, scan_rx: 0, outside_rx: 37, unverifiable_rx: 0, application_malformed: 0, diagnostic_drops: 0, logging_drops: 0, logging_truncations: 0 }"
1088,1261.62,1,0xcc1455b0,0xc323a602,1791197560.000297,Synchronized,111,TxSubmitted,"TxSubmitted { id: JobId(398), epoch: Epoch(29853293), purpose: Presence, slot: 5, sequence: Sequence(42) }"
1089,1261.62,1,0xcc1455b0,0xc323a602,1791197560.000406,Synchronized,111,TxSubmitted,"TxSubmitted { id: JobId(399), epoch: Epoch(29853293), purpose: Heartbeat, slot: 26, sequence: Sequence(43) }"
1090,1261.62,1,0xcc1455b0,0xc323a602,1791197560.000477,Synchronized,111,EpochScheduled,"EpochScheduled { epoch: Epoch(29853293), scan: true, presence_slot: 5, heartbeat_slot: 26, receive_windows: 1 }"
1091,1261.793,1,0xcc1455b0,0xc323a602,1791197560.173711,Synchronized,111,RxWindow,"RxWindow { id: JobId(397), opened: false, scan: false, predicted: false, receptions: 0 }"
1092,1261.793,1,0xcc1455b0,0xc323a602,1791197560.1738,Synchronized,111,RxWindow,"RxWindow { id: JobId(400), opened: true, scan: false, predicted: false, receptions: 0 }"
1093,1266.903,1,0xcc1455b0,0xc323a602,1791197565.283932,Synchronized,160,RxWindow,"RxWindow { id: JobId(400), opened: false, scan: false, predicted: false, receptions: 0 }"
1094,1266.904,1,0xcc1455b0,0xc323a602,1791197565.284023,Synchronized,160,RxWindow,"RxWindow { id: JobId(401), opened: true, scan: false, predicted: false, receptions: 0 }"
1095,1272.014,1,0xcc1455b0,0xc323a602,1791197570.394155,Synchronized,210,RxWindow,"RxWindow { id: JobId(401), opened: false, scan: false, predicted: false, receptions: 0 }"
1096,1272.014,1,0xcc1455b0,0xc323a602,1791197570.394247,Synchronized,210,RxWindow,"RxWindow { id: JobId(402), opened: true, scan: false, predicted: false, receptions: 0 }"
1097,1277.124,1,0xcc1455b0,0xc323a602,1791197575.504378,Synchronized,260,RxWindow,"RxWindow { id: JobId(402), opened: false, scan: false, predicted: false, receptions: 0 }"
1098,1277.124,1,0xcc1455b0,0xc323a602,1791197575.504472,Synchronized,260,RxWindow,"RxWindow { id: JobId(403), opened: true, scan: false, predicted: false, receptions: 0 }"
1099,1282.234,1,0xcc1455b0,0xc323a602,1791197580.614603,Synchronized,310,RxWindow,"RxWindow { id: JobId(403), opened: false, scan: false, predicted: false, receptions: 0 }"
1100,1282.234,1,0xcc1455b0,0xc323a602,1791197580.614697,Synchronized,310,RxWindow,"RxWindow { id: JobId(404), opened: true, scan: false, predicted: false, receptions: 0 }"
1101,1286.52,1,0xcc1455b0,0xc323a602,1791197584.900258,Synchronized,350,RxWindow,"RxWindow { id: JobId(404), opened: false, scan: false, predicted: false, receptions: 0 }"
1102,1286.52,1,0xcc1455b0,0xc323a602,1791197584.900354,Synchronized,350,RxWindow,"RxWindow { id: JobId(405), opened: true, scan: false, predicted: false, receptions: 0 }"
1103,1286.67,1,0xcc1455b0,0xc323a602,1791197585.051043,Synchronized,350,TxCompleted,"TxCompleted { id: JobId(398), epoch: Epoch(29853293), purpose: Presence, slot: 5, sequence: Sequence(42) }"
1104,1286.67,1,0xcc1455b0,0xc323a602,1791197585.051106,Synchronized,350,RadioFailure,"RadioFailure { id: JobId(405), error: Schedule(MissedSlot) }"
1105,1286.67,1,0xcc1455b0,0xc323a602,1791197585.051202,Synchronized,350,RxWindow,"RxWindow { id: JobId(406), opened: true, scan: false, predicted: false, receptions: 0 }"
1106,1291.781,1,0xcc1455b0,0xc323a602,1791197590.16133,Synchronized,400,RxWindow,"RxWindow { id: JobId(406), opened: false, scan: false, predicted: false, receptions: 0 }"
1107,1291.781,1,0xcc1455b0,0xc323a602,1791197590.161426,Synchronized,400,RxWindow,"RxWindow { id: JobId(407), opened: true, scan: false, predicted: false, receptions: 0 }"
1108,1293.671,1,0xcc1455b0,0xc323a602,1791197592.052275,Synchronized,420,NeighbourChanged,"NeighbourChanged { node: NodeId(941614212), boot: BootId(1503990173), discovered: false, boot_changed: false, base_station: false, count: 1 }"
1109,1293.672,1,0xcc1455b0,0xc323a602,1791197592.052314,Synchronized,420,Rx,"Rx { frame_type: Presence, source: NodeId(941614212), source_boot: BootId(1503990173), sequence: Sequence(48), epoch: Some(Epoch(29853293)), expected_slot: Some(13), class: Outside, rssi_dbm_x2: -106, snr_db_x4: Some(59), valid: true }"
1110,1293.672,1,0xcc1455b0,0xc323a602,1791197592.052368,Synchronized,420,RxWindow,"RxWindow { id: JobId(408), opened: true, scan: false, predicted: false, receptions: 1 }"
1111,1296.891,1,0xcc1455b0,0xc323a602,1791197595.271553,Synchronized,460,RxWindow,"RxWindow { id: JobId(408), opened: false, scan: false, predicted: false, receptions: 1 }"
1112,1296.891,1,0xcc1455b0,0xc323a602,1791197595.271649,Synchronized,460,RxWindow,"RxWindow { id: JobId(409), opened: true, scan: false, predicted: false, receptions: 0 }"
1113,1297.747,1,0xcc1455b0,0xc323a602,1791197596.127696,Synchronized,469,TimeCalibration,"TimeCalibration { status: Synchronized, source: GpsPps, uncertainty_us: 469, accepted_anchors: 754, rejected_anchors: 136, calibration_samples: 11, calibration_locked: true, calibrated_error_ppb: 10860 }"
1114,1298.747,1,0xcc1455b0,0xc323a602,1791197597.127822,Synchronized,479,TimeCalibration,"TimeCalibration { status: Synchronized, source: GpsPps, uncertainty_us: 479, accepted_anchors: 754, rejected_anchors: 137, calibration_samples: 11, calibration_locked: true, calibrated_error_ppb: 10860 }"
1115,1299.747,1,0xcc1455b0,0xc323a602,1791197598.127796,Synchronized,489,TimeCalibration,"TimeCalibration { status: Synchronized, source: GpsPps, uncertainty_us: 489, accepted_anchors: 754, rejected_anchors: 138, calibration_samples: 11, calibration_locked: true, calibrated_error_ppb: 10860 }"
1116,1300.747,1,0xcc1455b0,0xc323a602,1791197599.127911,Synchronized,499,TimeCalibration,"TimeCalibration { status: Synchronized, source: GpsPps, uncertainty_us: 499, accepted_anchors: 754, rejected_anchors: 139, calibration_samples: 11, calibration_locked: true, calibrated_error_ppb: 10860 }"
1117,1301.747,1,0xcc1455b0,0xc323a602,1791197600.127892,Synchronized,509,TimeCalibration,"TimeCalibration { status: Synchronized, source: GpsPps, uncertainty_us: 509, accepted_anchors: 754, rejected_anchors: 140, calibration_samples: 11, calibration_locked: true, calibrated_error_ppb: 10860 }"
1118,1302.001,1,0xcc1455b0,0xc323a602,1791197600.381777,Synchronized,509,RxWindow,"RxWindow { id: JobId(409), opened: false, scan: false, predicted: false, receptions: 0 }"
1119,1302.001,1,0xcc1455b0,0xc323a602,1791197600.381875,Synchronized,509,RxWindow,"RxWindow { id: JobId(410), opened: true, scan: false, predicted: false, receptions: 0 }"
1120,1302.747,1,0xcc1455b0,0xc323a602,1791197601.128005,Synchronized,519,TimeCalibration,"TimeCalibration { status: Synchronized, source: GpsPps, uncertainty_us: 519, accepted_anchors: 754, rejected_anchors: 141, calibration_samples: 11, calibration_locked: true, calibrated_error_ppb: 10860 }"
1121,1303.747,1,0xcc1455b0,0xc323a602,1791197602.127989,Synchronized,529,TimeCalibration,"TimeCalibration { status: Synchronized, source: GpsPps, uncertainty_us: 529, accepted_anchors: 754, rejected_anchors: 142, calibration_samples: 11, calibration_locked: true, calibrated_error_ppb: 10860 }"
1122,1304.847,1,0xcc1455b0,0xc323a602,1791197603.228142,Synchronized,540,TimeCalibration,"TimeCalibration { status: Synchronized, source: GpsPps, uncertainty_us: 540, accepted_anchors: 754, rejected_anchors: 143, calibration_samples: 11, calibration_locked: true, calibrated_error_ppb: 10860 }"
1123,1305.747,1,0xcc1455b0,0xc323a602,1791197604.128154,Synchronized,549,TimeCalibration,"TimeCalibration { status: Synchronized, source: GpsPps, uncertainty_us: 549, accepted_anchors: 754, rejected_anchors: 144, calibration_samples: 11, calibration_locked: true, calibrated_error_ppb: 10860 }"
1124,1306.747,1,0xcc1455b0,0xc323a602,1791197605.128124,Synchronized,559,TimeCalibration,"TimeCalibration { status: Synchronized, source: GpsPps, uncertainty_us: 559, accepted_anchors: 754, rejected_anchors: 145, calibration_samples: 11, calibration_locked: true, calibrated_error_ppb: 10860 }"
1125,1307.111,1,0xcc1455b0,0xc323a602,1791197605.492004,Synchronized,559,RxWindow,"RxWindow { id: JobId(410), opened: false, scan: false, predicted: false, receptions: 0 }"
1126,1307.111,1,0xcc1455b0,0xc323a602,1791197605.492102,Synchronized,559,RxWindow,"RxWindow { id: JobId(411), opened: true, scan: false, predicted: false, receptions: 0 }"
1127,1307.519,1,0xcc1455b0,0xc323a602,1791197605.900249,Synchronized,559,RxWindow,"RxWindow { id: JobId(411), opened: false, scan: false, predicted: false, receptions: 0 }"
1128,1307.519,1,0xcc1455b0,0xc323a602,1791197605.900346,Synchronized,559,RxWindow,"RxWindow { id: JobId(412), opened: true, scan: false, predicted: false, receptions: 0 }"
1129,1307.691,1,0xcc1455b0,0xc323a602,1791197606.071516,Synchronized,559,TxCompleted,"TxCompleted { id: JobId(399), epoch: Epoch(29853293), purpose: Heartbeat, slot: 26, sequence: Sequence(43) }"
1130,1307.691,1,0xcc1455b0,0xc323a602,1791197606.07158,Synchronized,559,RadioFailure,"RadioFailure { id: JobId(412), error: Schedule(MissedSlot) }"
1131,1307.691,1,0xcc1455b0,0xc323a602,1791197606.071682,Synchronized,559,RxWindow,"RxWindow { id: JobId(413), opened: true, scan: false, predicted: false, receptions: 0 }"
1132,1307.904,1,0xcc1455b0,0xc323a602,1791197606.284601,Synchronized,570,TimeCalibration,"TimeCalibration { status: Synchronized, source: GpsPps, uncertainty_us: 570, accepted_anchors: 754, rejected_anchors: 146, calibration_samples: 11, calibration_locked: true, calibrated_error_ppb: 10860 }"
1133,1308.912,1,0xcc1455b0,0xc323a602,1791197607.293333,Synchronized,580,TimeCalibration,"TimeCalibration { status: Synchronized, source: GpsPps, uncertainty_us: 580, accepted_anchors: 754, rejected_anchors: 147, calibration_samples: 11, calibration_locked: true, calibrated_error_ppb: 10860 }"
1134,1309.917,1,0xcc1455b0,0xc323a602,1791197608.297659,Synchronized,590,TimeCalibration,"TimeCalibration { status: Synchronized, source: GpsPps, uncertainty_us: 590, accepted_anchors: 754, rejected_anchors: 148, calibration_samples: 11, calibration_locked: true, calibrated_error_ppb: 10860 }"
1135,1310.017,1,0xcc1455b0,0xc323a602,1791197608.397598,Synchronized,590,LocationStatus,"LocationStatus { valid: true, latitude_e7: 519300366, longitude_e7: -12483816, fixes_seen: 1860, fixes_used: 9, satellites: Some(8), hdop_centi: Some(141), uncertainty_meters: Some(34) }"
1136,1310.928,1,0xcc1455b0,0xc323a602,1791197609.309168,Synchronized,601,TimeCalibration,"TimeCalibration { status: Synchronized, source: GpsPps, uncertainty_us: 601, accepted_anchors: 754, rejected_anchors: 149, calibration_samples: 11, calibration_locked: true, calibrated_error_ppb: 10860 }"
1137,1311.925,1,0xcc1455b0,0xc323a602,1791197610.305559,Synchronized,611,TimeCalibration,"TimeCalibration { status: Synchronized, source: GpsPps, uncertainty_us: 611, accepted_anchors: 754, rejected_anchors: 150, calibration_samples: 11, calibration_locked: true, calibrated_error_ppb: 10860 }"
1138,1312.801,1,0xcc1455b0,0xc323a602,1791197611.181807,Synchronized,611,RxWindow,"RxWindow { id: JobId(413), opened: false, scan: false, predicted: false, receptions: 0 }"
1139,1312.801,1,0xcc1455b0,0xc323a602,1791197611.181905,Synchronized,611,RxWindow,"RxWindow { id: JobId(414), opened: true, scan: false, predicted: false, receptions: 0 }"
1140,1312.924,1,0xcc1455b0,0xc323a602,1791197611.304612,Synchronized,621,TimeCalibration,"TimeCalibration { status: Synchronized, source: GpsPps, uncertainty_us: 621, accepted_anchors: 754, rejected_anchors: 151, calibration_samples: 11, calibration_locked: true, calibrated_error_ppb: 10860 }"
1141,1313.921,1,0xcc1455b0,0xc323a602,1791197612.302476,Synchronized,631,TimeCalibration,"TimeCalibration { status: Synchronized, source: GpsPps, uncertainty_us: 631, accepted_anchors: 754, rejected_anchors: 152, calibration_samples: 11, calibration_locked: true, calibrated_error_ppb: 10860 }"
1142,1317.911,1,0xcc1455b0,0xc323a602,1791197616.292029,Synchronized,112,RxWindow,"RxWindow { id: JobId(414), opened: false, scan: false, predicted: false, receptions: 0 }"
1143,1317.911,1,0xcc1455b0,0xc323a602,1791197616.292118,Synchronized,112,RxWindow,"RxWindow { id: JobId(415), opened: true, scan: false, predicted: false, receptions: 0 }"
1144,1318.692,1,0xcc1455b0,0xc323a602,1791197617.072903,Synchronized,112,Rx,"Rx { frame_type: Heartbeat, source: NodeId(941614212), source_boot: BootId(1503990173), sequence: Sequence(49), epoch: Some(Epoch(29853293)), expected_slot: Some(38), class: Outside, rssi_dbm_x2: -122, snr_db_x4: Some(60), valid: true }"
1145,1318.692,1,0xcc1455b0,0xc323a602,1791197617.072953,Synchronized,112,RxWindow,"RxWindow { id: JobId(416), opened: true, scan: false, predicted: false, receptions: 1 }"
1146,1321.619,1,0xcc1455b0,0xc323a602,1791197620.000007,Synchronized,112,NeighbourTable,"NeighbourTable { epoch: Epoch(29853293), count: 1 }"
1147,1321.619,2,0xcc1455b0,0xc323a602,1791197620.000042,Synchronized,112,NeighbourEntry,"NeighbourEntry { epoch: Epoch(29853293), index: 0, node: NodeId(941614212), boot: BootId(1503990173), base_station: false, schedule_version: 2, last_seen_utc: UtcTimestamp { seconds: 1791197617, microseconds: 71854 }, location: Some(CompactLocation { latitude_e7: 519302533, longitude_e7: -12484200 }), location_uncertainty_meters: None, rssi_dbm_x2: Some(-122), snr_db_x4: Some(60), received_packets: 39, failed_packets: 0 }"
1148,1321.619,2,0xcc1455b0,0xc323a602,1791197620.000077,Synchronized,112,Summary,"Summary { epoch: Epoch(29853293), mode: Receiving, radio: RadioServiceStats { frames_tx: 44, frames_rx: 39, heartbeat_tx: 22, presence_tx: 22, presence_rx: 17, malformed_frames: 0, unsupported_frames: 6, schedule_misses: 39, scheduler_conflicts: 0, queue_drops: 0, neighbour_count: 1, radio_errors: 0 }, heartbeat_rx: 22, unknown_heartbeat_rx: 0, predicted_rx: 0, predicted_misses: 0, scan_rx: 0, outside_rx: 39, unverifiable_rx: 0, application_malformed: 0, diagnostic_drops: 0, logging_drops: 0, logging_truncations: 0 }"
1149,1321.619,1,0xcc1455b0,0xc323a602,1791197620.000282,Synchronized,112,TxSubmitted,"TxSubmitted { id: JobId(417), epoch: Epoch(29853294), purpose: Presence, slot: 10, sequence: Sequence(44) }"
1150,1321.619,1,0xcc1455b0,0xc323a602,1791197620.000392,Synchronized,112,TxSubmitted,"TxSubmitted { id: JobId(418), epoch: Epoch(29853294), purpose: Heartbeat, slot: 21, sequence: Sequence(45) }"
1151,1321.619,1,0xcc1455b0,0xc323a602,1791197620.000462,Synchronized,112,EpochScheduled,"EpochScheduled { epoch: Epoch(29853294), scan: true, presence_slot: 10, heartbeat_slot: 21, receive_windows: 1 }"
1152,1323.021,1,0xcc1455b0,0xc323a602,1791197621.402321,Synchronized,112,RxWindow,"RxWindow { id: JobId(416), opened: false, scan: false, predicted: false, receptions: 1 }"
1153,1323.021,1,0xcc1455b0,0xc323a602,1791197621.40241,Synchronized,112,RxWindow,"RxWindow { id: JobId(419), opened: true, scan: false, predicted: false, receptions: 0 }"
1154,1328.131,1,0xcc1455b0,0xc323a602,1791197626.512542,Synchronized,121,RxWindow,"RxWindow { id: JobId(419), opened: false, scan: false, predicted: false, receptions: 0 }"
1155,1328.131,1,0xcc1455b0,0xc323a602,1791197626.512631,Synchronized,121,RxWindow,"RxWindow { id: JobId(420), opened: true, scan: false, predicted: false, receptions: 0 }"
1156,1333.242,1,0xcc1455b0,0xc323a602,1791197631.622763,Synchronized,171,RxWindow,"RxWindow { id: JobId(420), opened: false, scan: false, predicted: false, receptions: 0 }"
1157,1333.242,1,0xcc1455b0,0xc323a602,1791197631.622854,Synchronized,171,RxWindow,"RxWindow { id: JobId(421), opened: true, scan: false, predicted: false, receptions: 0 }"
1158,1338.352,1,0xcc1455b0,0xc323a602,1791197636.732986,Synchronized,221,RxWindow,"RxWindow { id: JobId(421), opened: false, scan: false, predicted: false, receptions: 0 }"
1159,1338.352,1,0xcc1455b0,0xc323a602,1791197636.733079,Synchronized,221,RxWindow,"RxWindow { id: JobId(422), opened: true, scan: false, predicted: false, receptions: 0 }"
1160,1343.462,1,0xcc1455b0,0xc323a602,1791197641.843209,Synchronized,271,RxWindow,"RxWindow { id: JobId(422), opened: false, scan: false, predicted: false, receptions: 0 }"
1161,1343.462,1,0xcc1455b0,0xc323a602,1791197641.843303,Synchronized,271,RxWindow,"RxWindow { id: JobId(423), opened: true, scan: false, predicted: false, receptions: 0 }"
